Brand_Acc,createddate,salesid,subtotal,totaldiscount,osschannelid,dwinf_salesactivity,dataareaid,Transaction_ID,Medium,Date,Product_Revenue
B000403925,15FEB2017:00:00:00.000,SO01848256,359.76,359.76,Web,RT,au,o387174467,organic,15/02/2017,$685.59
B000217304,20FEB2017:00:00:00.000,SO01853891,314.76,284.76,Web,RT,au,o274433091,organic,21/02/2017,$599.83
B000520222,24FEB2017:00:00:00.000,SO01857811,269.76,289.74,Web,RT,au,o391334528,organic,24/02/2017,$514.08
B000662379,24FEB2017:00:00:00.000,SO01857856,139.99,139.99,Web,RECR,au,o409818952,organic,24/02/2017,$266.78
B000662985,27FEB2017:00:00:00.000,SO01859107,139.99,139.99,Web,RECR,au,o411781913,organic,28/02/2017,$266.78
B000544867,01MAR2017:00:00:00.000,SO01859941,149.88,129.87,Web,RT,au,o241564633,organic,01/03/2017,$285.62
B000549011,02MAR2017:00:00:00.000,SO01860452,139.99,139.99,Web,RECR,au,o243411058,organic,02/03/2017,$266.78
B000542599,02MAR2017:00:00:00.000,SO01860574,442.38,442.38,Web,RT,au,o370124650,organic,02/03/2017,$843.04
B000663637,02MAR2017:00:00:00.000,SO01860975,139.99,139.99,Web,RECR,au,o412759100,organic,02/03/2017,$266.78
B000292610,03MAR2017:00:00:00.000,SO01863443,335.76,335.76,Web,RT,au,o412967505,organic,03/03/2017,$639.85
B000419249,04MAR2017:00:00:00.000,SO01863719,335.76,335.76,Web,RT,au,o390069211,organic,04/03/2017,$639.85
B000568735,04MAR2017:00:00:00.000,SO01863941,338.88,338.88,Web,RT,au,o336366356,organic,05/03/2017,$645.80
B000567752,06MAR2017:00:00:00.000,SO01864888,179.88,159.87,Web,RT,au,o330599956,organic,06/03/2017,$342.80
B000667079,19MAR2017:00:00:00.000,SO01875836,179.88,189.87,Web,RT,AU,o417995433,organic,19/03/2017,$342.80
B000414384,20MAR2017:00:00:00.000,SO01876481,139.99,139.99,Web,RECR,AU,o186894416,organic,21/03/2017,$266.78
B000315467,23MAR2017:00:00:00.000,SO01878268,373.23,335.91,Web,RT,au,o373665096,organic,23/03/2017,$711.26
B000670784,03APR2017:00:00:00.000,SO01886927,139.99,119.99,Web,RECR,AU,o422559776,organic,03/04/2017,$266.78
B000672517,10APR2017:00:00:00.000,SO01893015,139.99,139.99,Web,RECR,AU,o424607507,organic,10/04/2017,$266.78
B000522590,20APR2017:00:00:00.000,SO01903031,209.85,219.84,Web,RT,au,o428204251,organic,21/04/2017,$399.91
B000675171,21APR2017:00:00:00.000,SO01903373,179.99,189.98,Web,RECR,au,o428270276,organic,21/04/2017,$343
B000194652,21APR2017:00:00:00.000,SO01903526,239.85,225.86,Web,RT,au,o336914082,organic,21/04/2017,$457.08
B000675929,25APR2017:00:00:00.000,SO01905224,139.99,139.99,Web,RECR,au,o429450755,organic,25/04/2017,$266.78
B000675974,25APR2017:00:00:00.000,SO01905321,179.88,192.87,Web,RT,au,o429511149,organic,25/04/2017,$342.80
B000568735,27APR2017:00:00:00.000,SO01906503,161.88,176.87,Web,RT,au,o413457466,organic,27/04/2017,$308.49
B000111239,28APR2017:00:00:00.000,SO01908589,236.85,251.84,Web,EM,au,o401481441,organic,28/04/2017,$451.36
B000676996,30APR2017:00:00:00.000,SO01909429,139.99,139.99,Web,RECR,au,o431102598,organic,30/04/2017,$266.78
B000404152,01MAY2017:00:00:00.000,SO01910416,139.99,139.99,Web,RECR,au,o396611669,organic,01/05/2017,$266.78
B000206300,01MAY2017:00:00:00.000,SO01910434,305.88,305.88,Web,RT,au,o364525433,organic,01/05/2017,$582.91
B000677425,01MAY2017:00:00:00.000,SO01910447,139.99,139.99,Web,RECR,au,o431791047,organic,01/05/2017,$266.78
B000677522,02MAY2017:00:00:00.000,SO01910782,0,0,Web,RECR,au,o432176738,organic,02/05/2017,$228.45
B000201890,02MAY2017:00:00:00.000,SO01910984,139.99,139.99,Web,RECR,au,o432237030,organic,02/05/2017,$266.78
B000677669,02MAY2017:00:00:00.000,SO01911357,60,19.99,Web,RT,au,o432425756,organic,02/05/2017,$114.34
B000578652,02MAY2017:00:00:00.000,SO01911441,179.88,171.88,Web,RT,au,o288647050,organic,03/05/2017,$342.80
B000507130,02MAY2017:00:00:00.000,SO01911451,300.86,300.86,Web,RT,au,o338081218,organic,03/05/2017,$573.35
B000666299,04MAY2017:00:00:00.000,SO01912974,119.88,132.87,Web,RECR,au,o416646713,organic,04/05/2017,$228.45
B000674904,04MAY2017:00:00:00.000,SO01913050,179.88,209.87,Web,RT,au,o427994609,organic,04/05/2017,$342.80
B000121035,05MAY2017:00:00:00.000,SO01916451,129.99,139.98,Web,RT,au,o191650247,organic,05/05/2017,$247.72
B000648034,06MAY2017:00:00:00.000,SO01916563,179.88,189.87,Web,RT,au,o369962989,organic,06/05/2017,$342.80
B000679201,08MAY2017:00:00:00.000,SO01917448,139.99,119.99,Web,RECR,au,o434979749,organic,08/05/2017,$266.78
B000602254,08MAY2017:00:00:00.000,SO01917453,347.76,312.98,Web,RT,au,o359404183,organic,08/05/2017,$662.72
B000592740,08MAY2017:00:00:00.000,SO01917851,323.76,323.76,Web,RT,au,o331556259,organic,08/05/2017,$616.99
B000425292,08MAY2017:00:00:00.000,SO01917906,139.99,139.99,Web,RECR,au,o190672563,organic,08/05/2017,$266.78
B000676685,08MAY2017:00:00:00.000,SO01918053,139.99,139.99,Web,RECR,au,o430480468,organic,08/05/2017,$266.78
B000679384,08MAY2017:00:00:00.000,SO01918113,139.99,149.98,Web,RECR,au,o435125177,organic,08/05/2017,$266.78
B000677291,08MAY2017:00:00:00.000,SO01918245,155.88,165.87,Web,RT,au,o435451898,organic,09/05/2017,$297.06
B000066769,09MAY2017:00:00:00.000,SO01918307,119.88,129.87,Web,RECR,au,o425351780,organic,09/05/2017,$228.45
B000403814,09MAY2017:00:00:00.000,SO01918531,179.88,189.87,Web,RT,au,o211748325,organic,09/05/2017,$342.80
B000641137,09MAY2017:00:00:00.000,SO01918992,395.76,395.76,Web,RT,au,o362414918,organic,09/05/2017,$754.20
B000679649,09MAY2017:00:00:00.000,SO01919060,119.17,99.17,Web,RECR,au,o435661460,organic,09/05/2017,$266.78
B000414384,10MAY2017:00:00:00.000,SO01919416,503.7,453.33,Web,RT,au,o435932343,organic,10/05/2017,$959.90
B000647779,12MAY2017:00:00:00.000,SO01923686,199.99,209.98,Web,RT,au,o422216781,organic,12/05/2017,$381.12
B000563275,13MAY2017:00:00:00.000,SO01923991,335.76,335.76,Web,RT,au,o364001670,organic,13/05/2017,$639.85
B000336304,14MAY2017:00:00:00.000,SO01924116,139.99,139.99,Web,RECR,au,o425687536,organic,14/05/2017,$266.78
B000111771,15MAY2017:00:00:00.000,SO01924497,139.99,139.99,Web,RECR,au,o437985659,organic,15/05/2017,$266.78
B000308976,15MAY2017:00:00:00.000,SO01924715,359.76,359.76,Web,RT,au,o438090815,organic,15/05/2017,$685.59
B000681157,15MAY2017:00:00:00.000,SO01925208,139.99,119.99,Web,RECR,au,o438187346,organic,15/05/2017,$266.78
B000114842,15MAY2017:00:00:00.000,SO01925696,139.99,139.99,Web,RECR,au,o319745220,organic,15/05/2017,$266.78
B000270909,16MAY2017:00:00:00.000,SO01927526,187.35,178.61,Web,RT,au,o292642108,organic,16/05/2017,$357.03
B000684010,18MAY2017:00:00:00.000,SO01929722,139.99,139.99,Web,RECR,au,o439951962,organic,18/05/2017,$266.78
B000190651,18MAY2017:00:00:00.000,SO01929910,227.88,237.87,Web,RT,au,o438529177,organic,18/05/2017,$434.27
B000665475,19MAY2017:00:00:00.000,SO01931933,139.99,139.99,Web,RECR,au,o423943929,organic,19/05/2017,$266.78
B000684355,19MAY2017:00:00:00.000,SO01932093,139.99,139.99,Web,RECR,au,o440491730,organic,19/05/2017,$266.78
B000684364,19MAY2017:00:00:00.000,SO01932114,139.99,139.99,Web,RECR,au,o440476599,organic,19/05/2017,$266.78
B000280099,20MAY2017:00:00:00.000,SO01932621,139.99,139.99,Web,RECR,au,o225003198,organic,20/05/2017,$266.78
B000533299,20MAY2017:00:00:00.000,SO01932953,237.87,237.87,Web,RT,au,o344686254,organic,20/05/2017,$453.31
B000163655,20MAY2017:00:00:00.000,SO01933001,329.82,329.82,Web,RT,au,o410795132,organic,20/05/2017,$628.53
B000684924,20MAY2017:00:00:00.000,SO01933202,139.99,139.99,Web,RECR,au,o441457974,organic,21/05/2017,$266.78
B000620713,21MAY2017:00:00:00.000,SO01933541,179.88,171.88,Web,RT,au,o413220442,organic,22/05/2017,$342.80
B000685599,23MAY2017:00:00:00.000,SO01934862,139.99,139.99,Web,RECR,au,o442569315,organic,23/05/2017,$266.78
B000648177,23MAY2017:00:00:00.000,SO01935146,98.94,99.04,Web,RT,au,o423096249,organic,23/05/2017,$188.55
B000685980,24MAY2017:00:00:00.000,SO01935732,139.99,139.99,Web,RECR,au,o443209971,organic,24/05/2017,$266.78
B000637602,25MAY2017:00:00:00.000,SO01935897,155.88,165.87,Web,RT,au,o443536027,organic,25/05/2017,$297.06
B000318764,26MAY2017:00:00:00.000,SO01938282,227.88,237.87,Web,RT,au,o438212231,organic,26/05/2017,$434.27
B000686873,28MAY2017:00:00:00.000,SO01938961,139.99,139.99,Web,RECR,au,o445281755,organic,28/05/2017,$266.78
B000616412,29MAY2017:00:00:00.000,SO01939301,179.88,194.87,Web,RT,au,o332072640,organic,29/05/2017,$342.80
B000619237,30MAY2017:00:00:00.000,SO01940392,139.99,139.99,Web,RECR,au,o419224655,organic,30/05/2017,$266.78
B000687489,30MAY2017:00:00:00.000,SO01940468,139.99,119.99,Web,RECR,au,o446460344,organic,30/05/2017,$266.78
B000230471,31MAY2017:00:00:00.000,SO01940601,360.72,360.72,Web,RT,au,o418438855,organic,31/05/2017,$687.42
B000589595,31MAY2017:00:00:00.000,SO01941176,191.88,201.87,Web,RT,au,o353398142,organic,31/05/2017,$365.66
B000576814,31MAY2017:00:00:00.000,SO01941278,299.76,299.76,Web,RT,au,o420864555,organic,01/06/2017,$571.25
B000687890,01JUN2017:00:00:00.000,SO01941619,139.99,139.99,Web,RECR,au,o447491698,organic,01/06/2017,$266.78
B000375981,01JUN2017:00:00:00.000,SO01941648,275.76,295.74,Web,EM,au,o414894799,organic,01/06/2017,$525.51
B000283009,01JUN2017:00:00:00.000,SO01942071,278.88,298.86,Web,RT,au,o406965917,organic,02/06/2017,$531.46
B000688106,02JUN2017:00:00:00.000,SO01944051,139.99,139.99,Web,RECR,au,o448253103,organic,02/06/2017,$266.78
B000688155,02JUN2017:00:00:00.000,SO01944257,139.99,139.99,Web,RECR,au,o448391238,organic,02/06/2017,$266.78
B000688459,04JUN2017:00:00:00.000,SO01944968,139.99,139.99,Web,RECR,au,o449486138,organic,04/06/2017,$266.78
B000383744,04JUN2017:00:00:00.000,SO01944991,139.99,139.99,Web,RECR,au,o177861010,organic,04/06/2017,$266.78
B000383744,04JUN2017:00:00:00.000,SO01944996,287.76,307.74,Web,RT,au,o449555048,organic,04/06/2017,$548.38
B000688534,04JUN2017:00:00:00.000,SO01945096,139.99,139.99,Web,RECR,au,o449670239,organic,04/06/2017,$266.78
B000669523,05JUN2017:00:00:00.000,SO01946182,191.88,182.68,Web,EM,au,o421161590,organic,06/06/2017,$365.66
B000688934,06JUN2017:00:00:00.000,SO01946970,139.99,139.99,Web,RECR,au,o450941366,organic,06/06/2017,$266.78
B000678688,06JUN2017:00:00:00.000,SO01947002,213.12,228.11,Web,RT,au,o433868133,organic,06/06/2017,$406.14
B000012346,06JUN2017:00:00:00.000,SO01947032,179.88,174.87,Web,RT,au,o232270995,organic,06/06/2017,$342.80
B000552629,07JUN2017:00:00:00.000,SO01947583,497.64,497.64,Web,RT,au,o425366273,organic,07/06/2017,$948.35
B000531780,07JUN2017:00:00:00.000,SO01947936,139.99,139.99,Web,RECR,au,o451850076,organic,07/06/2017,$266.78
B000141484,08JUN2017:00:00:00.000,SO01948036,311.76,311.76,Web,RT,au,o317599878,organic,08/06/2017,$594.12
B000484079,08JUN2017:00:00:00.000,SO01948612,314.73,314.73,Web,RT,au,o392685520,organic,08/06/2017,$599.78
B000567752,10JUN2017:00:00:00.000,SO01950896,259.76,279.74,Web,RT,au,o413929694,organic,10/06/2017,$514.08
B000587194,10JUN2017:00:00:00.000,SO01951001,139.99,139.99,Web,RECR,au,o341598112,organic,10/06/2017,$266.78
B000208574,11JUN2017:00:00:00.000,SO01951306,338.73,338.73,Web,RT,au,o368184100,organic,11/06/2017,$645.51
B000538008,11JUN2017:00:00:00.000,SO01951356,139.99,139.99,Web,RECR,au,o355579343,organic,11/06/2017,$266.78
B000336304,12JUN2017:00:00:00.000,SO01951515,139.99,139.99,Web,RECR,au,o437466742,organic,12/06/2017,$266.78
B000664234,12JUN2017:00:00:00.000,SO01951529,299.76,299.76,Web,RT,au,o455079483,organic,12/06/2017,$571.25
B000507130,12JUN2017:00:00:00.000,SO01951597,506.61,506.61,Web,RT,au,o432625943,organic,12/06/2017,$965.44
B000690079,13JUN2017:00:00:00.000,SO01952232,139.99,139.99,Web,RECR,au,o456279189,organic,13/06/2017,$266.78
B000399675,16JUN2017:00:00:00.000,SO01954091,179.88,194.87,Web,RT,au,o438530320,organic,16/06/2017,$342.80
B000687916,16JUN2017:00:00:00.000,SO01954107,139.99,139.99,Web,RECR,au,o447514361,organic,16/06/2017,$266.78
B000690784,16JUN2017:00:00:00.000,SO01955911,139.99,139.99,Web,RECR,au,o458511035,organic,16/06/2017,$266.78
B000691478,18JUN2017:00:00:00.000,SO01957111,139.99,139.99,Web,RECR,au,o459227760,organic,17/06/2017,$266.78
B000675269,19JUN2017:00:00:00.000,SO01957181,374.73,374.73,Web,RT,au,o428473303,organic,19/06/2017,$714.12
B000412154,20JUN2017:00:00:00.000,SO01958244,302.82,302.82,Web,RT,au,o428206694,organic,20/06/2017,$577.08
B000359870,20JUN2017:00:00:00.000,SO01959081,347.76,312.98,Web,RT,au,o171900864,organic,20/06/2017,$662.72
B000359870,20JUN2017:00:00:00.000,SO01959088,139.99,139.99,Web,RECR,au,o461813516,organic,20/06/2017,$266.78
B000453814,21JUN2017:00:00:00.000,SO01959516,139.99,139.99,Web,RECR,au,o286710288,organic,21/06/2017,$266.78
B000529968,21JUN2017:00:00:00.000,SO01959834,139.99,149.98,Web,RECR,au,o242748462,organic,21/06/2017,$266.78
B000692424,22JUN2017:00:00:00.000,SO01960188,139.99,139.99,Web,RECR,au,o463208219,organic,22/06/2017,$266.78
B000210572,23JUN2017:00:00:00.000,SO01962486,77.94,87.93,Web,RT,au,o213618380,organic,23/06/2017,$148.53
B000405881,23JUN2017:00:00:00.000,SO01962777,394.84,394.84,Web,RT,au,o426669723,organic,23/06/2017,$752.44
B000665726,28JUN2017:00:00:00.000,SO01966030,131.88,141.87,Web,RT,au,o415842245,organic,28/06/2017,$251.32
B000645163,29JUN2017:00:00:00.000,SO01967278,155.88,170.87,Web,EM,au,o440622078,organic,29/06/2017,$297.06
B000687160,30JUN2017:00:00:00.000,SO01969471,229.5,242.49,Web,EM,au,o445855354,organic,30/06/2017,$437.36
B000694716,30JUN2017:00:00:00.000,SO01969874,139.99,139.99,Web,RECR,au,o471344727,organic,01/07/2017,$266.78
B000624860,03JUL2017:00:00:00.000,SO01970626,139.99,139.99,Web,RECR,au,o370048241,organic,03/07/2017,$266.78
B000474623,04JUL2017:00:00:00.000,SO01970996,227.88,237.87,Web,WEB,au,o271526399,organic,04/07/2017,$434.27
B000256765,04JUL2017:00:00:00.000,SO01971422,139.99,139.99,Web,RECR,au,o474486909,organic,04/07/2017,$266.78
B000561530,05JUL2017:00:00:00.000,SO01971687,89.94,99.93,Web,WEB,au,o412741350,organic,05/07/2017,$171.40
B000665020,05JUL2017:00:00:00.000,SO01972076,139.99,139.99,Web,RECR,au,o433861019,organic,05/07/2017,$266.78
B000507020,05JUL2017:00:00:00.000,SO01972141,139.99,149.98,Web,RECR,au,o316963430,organic,05/07/2017,$266.78
B000672517,05JUL2017:00:00:00.000,SO01972206,119.88,129.87,Web,UP,au,o463908775,organic,05/07/2017,$228.45
B000113729,05JUL2017:00:00:00.000,SO01972336,314.73,314.73,Web,WEB,au,o230958988,organic,05/07/2017,$599.78
B000671258,07JUL2017:00:00:00.000,SO01975430,139.99,139.99,Web,RECR,au,o448315836,organic,07/07/2017,$266.78
B000075376,07JUL2017:00:00:00.000,SO01975821,196.78,206.77,Web,WEB,au,o108635387,organic,07/07/2017,$375
B000007851,09JUL2017:00:00:00.000,SO01976648,359.76,359.76,Web,WEB,au,o433346882,organic,09/07/2017,$342.80
B000146733,09JUL2017:00:00:00.000,SO01976812,179.99,189.98,Web,RECR,au,o322011410,organic,09/07/2017,$343
B000668785,09JUL2017:00:00:00.000,SO01976856,179.88,189.87,Web,WEB,au,o433946763,organic,09/07/2017,$342.80
B000696712,10JUL2017:00:00:00.000,SO01977545,139.99,139.99,Web,RECR,au,o480583637,organic,10/07/2017,$266.78
B000250976,10JUL2017:00:00:00.000,SO01978146,161.88,160.68,Web,WEB,au,o283881873,organic,10/07/2017,$308.49
B000285356,10JUL2017:00:00:00.000,SO01978226,335.76,335.76,Web,WEB,au,o481619837,organic,11/07/2017,$639.85
B000696945,11JUL2017:00:00:00.000,SO01978478,139.99,139.99,Web,RECR,au,o481738495,organic,11/07/2017,$266.78
B000427836,11JUL2017:00:00:00.000,SO01978878,431.64,388.48,Web,WEB,au,o331869199,organic,11/07/2017,$822.57
B000695715,12JUL2017:00:00:00.000,SO01980419,216.75,226.74,Web,WEB,au,o483508181,organic,12/07/2017,$413.06
B000659790,12JUL2017:00:00:00.000,SO01980431,219.86,229.85,Web,WEB,au,o431744908,organic,12/07/2017,$418.98
B000673162,13JUL2017:00:00:00.000,SO01981593,350.7,330.7,Web,EM,au,o460549196,organic,14/07/2017,$668.33
B000698243,15JUL2017:00:00:00.000,SO01982963,139.99,139.99,Web,RECR,au,o486857275,organic,15/07/2017,$266.78
B000151519,17JUL2017:00:00:00.000,SO01984036,139.99,139.99,Web,RECR,au,o488770897,organic,17/07/2017,$266.78
B000698940,17JUL2017:00:00:00.000,SO01984821,139.99,139.99,Web,RECR,au,o489189537,organic,17/07/2017,$266.78
B000256765,18JUL2017:00:00:00.000,SO01985397,391.2,391.2,Web,WEB,au,o474511409,organic,18/07/2017,$745.51
B000699378,18JUL2017:00:00:00.000,SO01986102,139.99,139.99,Web,RECR,au,o491003258,organic,18/07/2017,$266.78
B000332969,19JUL2017:00:00:00.000,SO01987087,425.7,425.7,Web,WEB,au,o193570674,organic,19/07/2017,$811.25
B000589030,19JUL2017:00:00:00.000,SO01987387,139.99,139.99,Web,RECR,au,o492760357,organic,19/07/2017,$266.78
B000701198,24JUL2017:00:00:00.000,SO01992832,139.99,139.99,Web,RECR,au,o497933701,organic,24/07/2017,$266.78
B000701587,24JUL2017:00:00:00.000,SO01993409,139.99,139.99,Web,RECR,au,o498853001,organic,25/07/2017,$266.78
B000702001,25JUL2017:00:00:00.000,SO01994376,203.88,213.87,Web,WEB,au,o499136386,organic,25/07/2017,$388.53
B000412742,28JUL2017:00:00:00.000,SO01998307,244.92,274.9,Web,WEB,au,o446463948,organic,28/07/2017,$466.74
B000568735,29JUL2017:00:00:00.000,SO01998648,173.4,188.39,Web,WEB,au,o459827147,organic,29/07/2017,$330.45
B000704026,29JUL2017:00:00:00.000,SO01998883,139.99,139.99,Web,RECR,au,o504152293,organic,30/07/2017,$266.78
B000704061,30JUL2017:00:00:00.000,SO01998940,139.99,139.99,Web,RECR,au,o504302451,organic,30/07/2017,$266.78
B000473922,30JUL2017:00:00:00.000,SO01999021,139.99,139.99,Web,RECR,au,o364854671,organic,30/07/2017,$266.78
B000289245,30JUL2017:00:00:00.000,SO01999072,215.88,230.87,Web,WEB,au,o466473691,organic,30/07/2017,$411.40
B000671405,30JUL2017:00:00:00.000,SO01999096,119.88,132.87,Web,RECR,au,o423123893,organic,30/07/2017,$228.45
B000013495,01AUG2017:00:00:00.000,SO02001216,326.88,326.88,Web,WEB,au,o435091060,organic,01/08/2017,$622.93
B000573819,03AUG2017:00:00:00.000,SO02002498,139.99,139.99,Web,RECR,au,o487747452,organic,03/08/2017,$266.78
B000336304,03AUG2017:00:00:00.000,SO02003483,139.99,139.99,Web,RECR,au,o455077526,organic,04/08/2017,$266.78
B000233026,04AUG2017:00:00:00.000,SO02005231,139.99,139.99,Web,RECR,au,o337789849,organic,04/08/2017,$266.78
B000705488,04AUG2017:00:00:00.000,SO02005314,139.99,139.99,Web,RECR,au,o510319413,organic,04/08/2017,$266.78
B000705575,04AUG2017:00:00:00.000,SO02005598,139.99,139.99,Web,RECR,au,o510473650,organic,04/08/2017,$266.78
B000062774,04AUG2017:00:00:00.000,SO02005656,139.99,139.99,Web,RECR,au,o469994798,organic,04/08/2017,$266.78
B000189329,04AUG2017:00:00:00.000,SO02005676,139.99,139.99,Web,RECR,au,o354774842,organic,04/08/2017,$266.78
B000286214,06AUG2017:00:00:00.000,SO02006253,179.88,189.87,Web,WEB,au,o462660301,organic,06/08/2017,$342.80
B000403409,07AUG2017:00:00:00.000,SO02007426,139.99,139.99,Web,RECR,au,o431757928,organic,07/08/2017,$266.78
B000524505,07AUG2017:00:00:00.000,SO02007441,139.99,139.99,Web,RECR,au,o239990952,organic,07/08/2017,$266.78
B000416160,08AUG2017:00:00:00.000,SO02007767,283.38,283.38,Web,WEB,au,o423598374,organic,08/08/2017,$540.03
B000706538,08AUG2017:00:00:00.000,SO02008721,139.99,139.99,Web,RECR,au,o514366784,organic,08/08/2017,$266.78
B000683813,09AUG2017:00:00:00.000,SO02010020,139.99,139.99,Web,RECR,au,o516053574,organic,09/08/2017,$266.78
B000648177,10AUG2017:00:00:00.000,SO02011206,139.99,139.99,Web,RECR,au,o475242793,organic,10/08/2017,$266.78
B000183289,11AUG2017:00:00:00.000,SO02013162,371.76,371.76,Web,WEB,au,o397922561,organic,11/08/2017,$708.46
B000707765,12AUG2017:00:00:00.000,SO02013504,139.99,139.99,Web,RECR,au,o519367221,organic,12/08/2017,$266.78
B000707847,12AUG2017:00:00:00.000,SO02013743,176.94,189.24,Web,WEB,au,o519549889,organic,12/08/2017,$337.19
B000347979,12AUG2017:00:00:00.000,SO02013872,139.99,139.99,Web,RECR,au,o511181967,organic,12/08/2017,$266.78
B000179560,12AUG2017:00:00:00.000,SO02013888,323.79,323.79,Web,WEB,au,o415852506,organic,12/08/2017,$617.04
B000281857,14AUG2017:00:00:00.000,SO02014883,139.99,139.99,Web,RECR,au,o469711843,organic,14/08/2017,$266.78
B000665359,14AUG2017:00:00:00.000,SO02015134,139.99,139.99,Web,RECR,au,o486909677,organic,14/08/2017,$266.78
B000114842,14AUG2017:00:00:00.000,SO02015406,139.99,139.99,Web,RECR,au,o438266885,organic,14/08/2017,$266.78
B000708633,14AUG2017:00:00:00.000,SO02015662,139.99,139.99,Web,RECR,au,o522112409,organic,14/08/2017,$266.78
B000708687,14AUG2017:00:00:00.000,SO02015731,191.88,204.87,Web,WEB,au,o522256358,organic,14/08/2017,$365.66
B000175299,18AUG2017:00:00:00.000,SO02022673,187.35,197.34,Web,WEB,au,o415180267,organic,18/08/2017,$357.03
B000711590,18AUG2017:00:00:00.000,SO02023272,139.99,139.99,Web,RECR,au,o526515714,organic,18/08/2017,$266.78
B000518160,18AUG2017:00:00:00.000,SO02023401,290.88,320.86,Web,WEB,au,o302721758,organic,18/08/2017,$554.33
B000557942,19AUG2017:00:00:00.000,SO02023986,359.76,359.76,Web,WEB,au,o477715092,organic,19/08/2017,$685.59
B000712967,20AUG2017:00:00:00.000,SO02025033,139.99,139.99,Web,RECR,au,o530073581,organic,21/08/2017,$266.78
B000713119,21AUG2017:00:00:00.000,SO02025602,139.99,139.99,Web,RECR,au,o528170236,organic,20/08/2017,$266.78
B000713137,21AUG2017:00:00:00.000,SO02025666,139.99,139.99,Web,RECR,au,o527285985,organic,19/08/2017,$266.78
B000624860,21AUG2017:00:00:00.000,SO02026621,119.88,132.87,Web,RECR,au,o473271673,organic,22/08/2017,$228.45
B000714176,22AUG2017:00:00:00.000,SO02027847,139.99,139.99,Web,RECR,au,o532668949,organic,22/08/2017,$266.78
B000446909,23AUG2017:00:00:00.000,SO02029499,149.88,149.88,Web,WEB,au,o447376017,organic,23/08/2017,$285.62
B000714955,23AUG2017:00:00:00.000,SO02029502,139.99,119.99,Web,RECR,au,o533807945,organic,23/08/2017,$266.78
B000714977,23AUG2017:00:00:00.000,SO02029535,139.99,139.99,Web,RECR,au,o533885728,organic,23/08/2017,$266.78
B000516045,24AUG2017:00:00:00.000,SO02029988,139.99,139.99,Web,RECR,au,o534562877,organic,24/08/2017,$266.78
B000706549,24AUG2017:00:00:00.000,SO02031030,167.88,157.87,Web,WEB,au,o534967105,organic,24/08/2017,$319.93
B000715811,24AUG2017:00:00:00.000,SO02032039,139.99,119.99,Web,RECR,au,o535802300,organic,25/08/2017,$266.78
B000541169,25AUG2017:00:00:00.000,SO02032448,355.23,355.23,Web,WEB,au,o476786702,organic,25/08/2017,$676.96
B000671986,25AUG2017:00:00:00.000,SO02032628,139.99,139.99,Web,RECR,au,o423651452,organic,25/08/2017,$266.78
B000716604,26AUG2017:00:00:00.000,SO02033453,139.99,139.99,Web,RECR,au,o537389618,organic,26/08/2017,$266.78
B000694122,27AUG2017:00:00:00.000,SO02033757,149.88,159.87,Web,WEB,au,o499563312,organic,27/08/2017,$285.62
B000484079,31AUG2017:00:00:00.000,SO02037617,335.76,335.76,Web,WEB,au,o452508964,organic,31/08/2017,$639.85
B000698471,31AUG2017:00:00:00.000,SO02038464,119.88,129.87,Web,RECR,au,o526136516,organic,31/08/2017,$228.45
B000586485,31AUG2017:00:00:00.000,SO02038837,139.99,139.99,Web,RECR,au,o298756980,organic,31/08/2017,$266.78
B000399675,01SEP2017:00:00:00.000,SO02039938,179.88,194.87,Web,WEB,au,o458501769,organic,01/09/2017,$342.80
B000719855,03SEP2017:00:00:00.000,SO02041602,139.99,139.99,Web,RECR,au,o547024830,organic,03/09/2017,$266.78
B000589595,03SEP2017:00:00:00.000,SO02041726,191.88,201.87,Web,WEB,au,o447032299,organic,03/09/2017,$365.66
B000677853,03SEP2017:00:00:00.000,SO02041937,179.88,194.87,Web,WEB,au,o531052850,organic,03/09/2017,$342.80
B000720154,03SEP2017:00:00:00.000,SO02042044,139.99,139.99,Web,RECR,au,o549240773,organic,04/09/2017,$266.78
B000720456,04SEP2017:00:00:00.000,SO02043203,139.99,139.99,Web,RECR,au,o549454786,organic,04/09/2017,$266.78
B000073140,05SEP2017:00:00:00.000,SO02043780,139.99,139.99,Web,RECR,au,o423635758,organic,05/09/2017,$266.78
B000720797,05SEP2017:00:00:00.000,SO02044178,285,235,Web,WEB,au,o550025285,organic,05/09/2017,$594.57
B000720836,05SEP2017:00:00:00.000,SO02044312,139.99,139.99,Web,RECR,au,o550067849,organic,05/09/2017,$266.78
B000194848,05SEP2017:00:00:00.000,SO02044546,139.99,139.99,Web,RECR,au,o202340443,organic,05/09/2017,$266.78
B000620019,07SEP2017:00:00:00.000,SO02046131,260.82,280.8,Web,WEB,au,o335938621,organic,07/09/2017,$497.04
B000615860,08SEP2017:00:00:00.000,SO02048885,194.85,185.36,Web,WEB,au,o555209982,organic,08/09/2017,$371.32
B000475279,08SEP2017:00:00:00.000,SO02048892,266.82,286.8,Web,WEB,au,o430038821,organic,08/09/2017,$508.48
B000582787,09SEP2017:00:00:00.000,SO02049344,194.06,209.05,Web,WEB,au,o393653239,organic,09/09/2017,$426.99
B000722185,09SEP2017:00:00:00.000,SO02049489,119.88,129.87,Web,RECR,au,o556426022,organic,09/09/2017,$228.45
B000722270,09SEP2017:00:00:00.000,SO02049690,234.48,221.02,Web,WEB,au,o556633230,organic,09/09/2017,$446.85
B000722751,11SEP2017:00:00:00.000,SO02051300,139.99,139.99,Web,RECR,au,o558993621,organic,12/09/2017,$266.78
B000697686,12SEP2017:00:00:00.000,SO02051984,119.88,129.87,Web,RECR,au,o484782201,organic,12/09/2017,$228.45
B000114842,12SEP2017:00:00:00.000,SO02052330,119.88,129.87,Web,RECR,au,o521951779,organic,12/09/2017,$228.45
B000114842,12SEP2017:00:00:00.000,SO02052332,161.88,171.87,Web,WEB,au,o559317773,organic,12/09/2017,$308.49
B000721650,12SEP2017:00:00:00.000,SO02052393,187.79,197.78,Web,WEB,au,o553568025,organic,12/09/2017,$357.87
B000475048,13SEP2017:00:00:00.000,SO02053046,139.99,139.99,Web,RECR,au,o559944745,organic,13/09/2017,$266.78
B000641590,14SEP2017:00:00:00.000,SO02054652,139.99,139.99,Web,RECR,au,o399621963,organic,14/09/2017,$266.78
B000548602,15SEP2017:00:00:00.000,SO02056480,483.75,483.75,Web,WEB,au,o465810483,organic,15/09/2017,$921.88
B000495631,16SEP2017:00:00:00.000,SO02056942,139.99,139.99,Web,RECR,au,o341863855,organic,16/09/2017,$266.78
B000724342,17SEP2017:00:00:00.000,SO02057624,139.99,139.99,Web,RECR,au,o563264090,organic,17/09/2017,$266.78
B000703585,18SEP2017:00:00:00.000,SO02058058,119.88,134.87,Web,RECR,au,o502212672,organic,18/09/2017,$228.45
B000146812,18SEP2017:00:00:00.000,SO02058351,299.76,299.76,Web,WEB,au,o563751383,organic,18/09/2017,$571.25
B000620510,18SEP2017:00:00:00.000,SO02058647,187.35,187.35,Web,WEB,au,o457819686,organic,18/09/2017,$357.03
B000192842,18SEP2017:00:00:00.000,SO02058831,203.88,213.87,Web,WEB,au,o497087745,organic,18/09/2017,$388.53
B000724831,19SEP2017:00:00:00.000,SO02059703,139.99,139.99,Web,RECR,au,o564792470,organic,19/09/2017,$266.78
B000686865,19SEP2017:00:00:00.000,SO02059800,119.88,129.87,Web,RECR,au,o445269415,organic,19/09/2017,$228.45
B000113148,19SEP2017:00:00:00.000,SO02059956,139.99,139.99,Web,RECR,au,o414904999,organic,19/09/2017,$266.78
B000070899,19SEP2017:00:00:00.000,SO02060067,224.4,239.39,Web,WEB,au,o564793111,organic,19/09/2017,$427.64
B000634153,21SEP2017:00:00:00.000,SO02061322,139.99,139.99,Web,RECR,au,o560746578,organic,21/09/2017,$266.78
B000725394,21SEP2017:00:00:00.000,SO02061838,139.99,139.99,Web,RECR,au,o566855659,organic,21/09/2017,$266.78
B000635612,22SEP2017:00:00:00.000,SO02062893,139.99,139.99,Web,RECR,au,o566833488,organic,22/09/2017,$266.78
B000256765,23SEP2017:00:00:00.000,SO02063576,139.99,139.99,Web,RECR,au,o490401571,organic,23/09/2017,$266.78
B000693279,23SEP2017:00:00:00.000,SO02063686,119.88,134.87,Web,RECR,au,o466525164,organic,23/09/2017,$228.45
B000691734,25SEP2017:00:00:00.000,SO02065146,167.88,182.87,Web,EM,au,o561409240,organic,26/09/2017,$319.93
B000278646,26SEP2017:00:00:00.000,SO02065686,139.99,139.99,Web,RECR,au,o549876819,organic,26/09/2017,$266.78
B000726514,26SEP2017:00:00:00.000,SO02066013,227.88,215.08,Web,WEB,au,o570732903,organic,27/09/2017,$434.27
B000241759,28SEP2017:00:00:00.000,SO02067601,167.88,177.87,Web,WEB,au,o393811900,organic,28/09/2017,$319.93
B000308976,29SEP2017:00:00:00.000,SO02068981,329.76,329.76,Web,EM,au,o463955583,organic,29/09/2017,$628.42
B000727074,29SEP2017:00:00:00.000,SO02069288,139.99,139.99,Web,RECR,au,o572693592,organic,29/09/2017,$266.78
B000576537,30SEP2017:00:00:00.000,SO02069507,179.88,194.87,Web,WEB,au,o476945147,organic,30/09/2017,$342.80
B000727584,02OCT2017:00:00:00.000,SO02070186,477.39,429.65,Web,WEB,au,o575029506,organic,02/10/2017,$909.76
B000727790,03OCT2017:00:00:00.000,SO02071382,139.99,139.99,Web,RECR,au,o576006159,organic,03/10/2017,$266.78
B000066553,03OCT2017:00:00:00.000,SO02071486,413.64,413.64,Web,WEB,au,o116661333,organic,03/10/2017,$788.27
B000104486,04OCT2017:00:00:00.000,SO02072422,254.82,249.32,Web,WEB,au,o479616021,organic,04/10/2017,$485.61
B000627500,05OCT2017:00:00:00.000,SO02073581,119.88,129.87,Web,RECR,au,o470782269,organic,05/10/2017,$228.45
B000085831,06OCT2017:00:00:00.000,SO02074861,149.94,164.93,Web,WEB,au,o457822687,organic,06/10/2017,$285.74
B000126401,06OCT2017:00:00:00.000,SO02075173,436.26,436.26,Web,WEB,au,o413896866,organic,06/10/2017,$831.38
B000266455,06OCT2017:00:00:00.000,SO02075174,179.88,192.87,Web,WEB,au,o477859803,organic,06/10/2017,$342.80
B000121035,07OCT2017:00:00:00.000,SO02075466,161.88,171.87,Web,WEB,au,o433968928,organic,07/10/2017,$308.49
B000639297,09OCT2017:00:00:00.000,SO02077536,155.88,135.87,Web,WEB,AU,o389029699,organic,10/10/2017,$297.06
B000576656,10OCT2017:00:00:00.000,SO02078418,234.84,234.84,Web,WEB,au,o299704612,organic,10/10/2017,$447.53
B000522832,12OCT2017:00:00:00.000,SO02080221,347.76,347.76,Web,WEB,au,o429178380,organic,12/10/2017,$662.72
B000293815,12OCT2017:00:00:00.000,SO02080439,119.88,129.87,Web,RECR,au,o515293792,organic,12/10/2017,$228.45
B000293815,12OCT2017:00:00:00.000,SO02080478,375.96,375.96,Web,WEB,au,o584895621,organic,12/10/2017,$493.04
B000646315,14OCT2017:00:00:00.000,SO02083827,479.64,479.64,Web,EM,au,o469692231,organic,14/10/2017,$914.04
B000667295,14OCT2017:00:00:00.000,SO02083853,179.88,164.87,Web,WEB,au,o418240777,organic,14/10/2017,$342.80
B000642462,16OCT2017:00:00:00.000,SO02085836,389.7,350.73,Web,WEB,au,o423274516,organic,16/10/2017,$742.65
B000686376,16OCT2017:00:00:00.000,SO02086332,179.88,159.87,Web,EM,au,o444210154,organic,16/10/2017,$342.80
B000731735,17OCT2017:00:00:00.000,SO02087372,139.99,139.99,Web,RECR,au,o590172232,organic,17/10/2017,$266.78
B000510493,17OCT2017:00:00:00.000,SO02087476,139.99,139.99,Web,RECR,au,o590240314,organic,17/10/2017,$266.78
B000732223,18OCT2017:00:00:00.000,SO02088613,139.99,139.99,Web,RECR,au,o591487807,organic,18/10/2017,$266.78
B000732224,18OCT2017:00:00:00.000,SO02088614,139.99,139.99,Web,RECR,au,o591493929,organic,18/10/2017,$266.78
B000732445,18OCT2017:00:00:00.000,SO02089232,139.99,139.99,Web,RECR,au,o591897229,organic,18/10/2017,$266.78
B000732446,18OCT2017:00:00:00.000,SO02089233,139.99,139.99,Web,RECR,au,o591915922,organic,18/10/2017,$266.78
B000160211,18OCT2017:00:00:00.000,SO02089262,335.76,314.76,Web,WEB,au,o588979702,organic,18/10/2017,$639.85
B000661395,18OCT2017:00:00:00.000,SO02089273,194.85,207.84,Web,WEB,au,o463868785,organic,18/10/2017,$371.32
B000732476,18OCT2017:00:00:00.000,SO02089279,139.99,139.99,Web,RECR,au,o592040695,organic,18/10/2017,$266.78
B000170195,19OCT2017:00:00:00.000,SO02090151,119.88,129.87,Web,RECR,au,o359319808,organic,19/10/2017,$228.45
B000733177,20OCT2017:00:00:00.000,SO02092896,139.99,119.99,Web,RECR,au,o594563837,organic,20/10/2017,$266.78
B000672517,20OCT2017:00:00:00.000,SO02093163,161.88,141.87,Web,WEB,au,o512719736,organic,20/10/2017,$308.49
B000733557,21OCT2017:00:00:00.000,SO02093770,139.99,139.99,Web,RECR,au,o595852506,organic,21/10/2017,$266.78
B000575500,21OCT2017:00:00:00.000,SO02093996,329.76,329.76,Web,WEB,au,o285713891,organic,21/10/2017,$628.42
B000659804,21OCT2017:00:00:00.000,SO02094131,139.99,139.99,Web,RECR,au,o403589755,organic,21/10/2017,$266.78
B000733884,22OCT2017:00:00:00.000,SO02094453,139.99,139.99,Web,RECR,au,o597334957,organic,22/10/2017,$266.78
B000678688,22OCT2017:00:00:00.000,SO02094565,228.56,243.55,Web,WEB,au,o569706529,organic,22/10/2017,$435.56
B000029402,23OCT2017:00:00:00.000,SO02095428,179.88,159.87,Web,WEB,au,o463844475,organic,23/10/2017,$342.80
B000666232,23OCT2017:00:00:00.000,SO02095743,161.88,171.87,Web,EM,au,o549431505,organic,23/10/2017,$308.49
B000082547,24OCT2017:00:00:00.000,SO02096752,299.76,299.76,Web,WEB,au,o533655495,organic,24/10/2017,$571.25
B000434250,24OCT2017:00:00:00.000,SO02096893,323.82,323.82,Web,WEB,AU,o538192982,organic,24/10/2017,$617.10
B000666174,25OCT2017:00:00:00.000,SO02097531,383.76,383.76,Web,WEB,AU,o416439048,organic,25/10/2017,$731.33
B000237779,25OCT2017:00:00:00.000,SO02098101,224.35,234.34,Web,WEB,AU,o529112419,organic,25/10/2017,$427.54
B000735605,26OCT2017:00:00:00.000,SO02099006,139.99,139.99,Web,RECR,AU,o603187991,organic,26/10/2017,$266.78
B000735714,26OCT2017:00:00:00.000,SO02099248,139.99,139.99,Web,RECR,AU,o603708251,organic,26/10/2017,$266.78
B000600874,27OCT2017:00:00:00.000,SO02099873,179.88,159.87,Web,EM,AU,o480700259,organic,27/10/2017,$342.80
B000736424,29OCT2017:00:00:00.000,SO02100693,139.99,139.99,Web,RECR,AU,o607751631,organic,29/10/2017,$266.78
B000586834,29OCT2017:00:00:00.000,SO02100726,357.78,297.78,Web,WEB,AU,o434631280,organic,29/10/2017,$754.20
B000537534,30OCT2017:00:00:00.000,SO02102582,119.88,117.88,Web,RECR,AU,o517440613,organic,30/10/2017,$228.45
B000737096,31OCT2017:00:00:00.000,SO02103807,139.99,139.99,Web,RECR,AU,o609913488,organic,31/10/2017,$266.78
B000737109,31OCT2017:00:00:00.000,SO02103838,139.99,119.99,Web,RECR,AU,o609937499,organic,31/10/2017,$266.78
B000692794,31OCT2017:00:00:00.000,SO02103884,341.76,281.76,Web,WEB,AU,o549237574,organic,31/10/2017,$651.29
B000737170,31OCT2017:00:00:00.000,SO02103963,139.99,139.99,Web,RECR,AU,o610519327,organic,01/11/2017,$266.78
B000512192,01NOV2017:00:00:00.000,SO02106491,510.87,475.68,Web,WEB,AU,o374193617,organic,01/11/2017,$670.55
B000327110,01NOV2017:00:00:00.000,SO02106786,203.88,213.87,Web,WEB,AU,o269569124,organic,01/11/2017,$388.53
B000718511,01NOV2017:00:00:00.000,SO02106824,119.88,129.87,Web,RECR,AU,o543591645,organic,01/11/2017,$228.45
B000711674,01NOV2017:00:00:00.000,SO02106891,119.88,129.87,Web,RECR,AU,o526620847,organic,01/11/2017,$228.45
B000738489,05NOV2017:00:00:00.000,SO02111433,194.85,184.84,Web,WEB,AU,o615559191,organic,05/11/2017,$371.32
B000697610,09NOV2017:00:00:00.000,SO02121886,161.88,141.87,Web,WEB,AU,o484488258,organic,09/11/2017,$308.49
B000243425,09NOV2017:00:00:00.000,SO02122016,150,164.99,Web,WEB,AU,o135784914,organic,09/11/2017,$285.85
B000705745,11NOV2017:00:00:00.000,SO02123627,119.88,134.87,Web,RECR,AU,o622719948,organic,11/11/2017,$228.45
B000647304,14NOV2017:00:00:00.000,SO02126533,578.56,578.56,Web,WEB,AU,o369350570,organic,14/11/2017,"$1,102.56"
B000412154,14NOV2017:00:00:00.000,SO02127116,362.28,362.28,Web,WEB,AU,o571714811,organic,15/11/2017,$690.39
B000741789,16NOV2017:00:00:00.000,SO02129133,139.99,139.99,Web,RECR,AU,o628302835,organic,16/11/2017,$266.78
B000741789,16NOV2017:00:00:00.000,SO02129134,139.99,139.99,Web,RECR,AU,o628307244,organic,16/11/2017,$266.78
B000719047,17NOV2017:00:00:00.000,SO02130361,139.99,139.99,Web,RECR,AU,o544489579,organic,17/11/2017,$266.78
B000074987,19NOV2017:00:00:00.000,SO02131247,431.82,431.82,Web,WEB,AU,o451746575,organic,19/11/2017,$822.91
B000523720,19NOV2017:00:00:00.000,SO02131507,161.88,171.87,Web,WEB,AU,o584537764,organic,20/11/2017,$308.49
B000523720,19NOV2017:00:00:00.000,SO02131527,139.99,139.99,Web,RECR,AU,o632725417,organic,20/11/2017,$266.78
B000743289,21NOV2017:00:00:00.000,SO02133532,443.88,443.88,Web,WEB,AU,o634144858,organic,21/11/2017,$845.90
B000690658,23NOV2017:00:00:00.000,SO02136576,258.85,278.83,Web,WEB,AU,o458405456,organic,23/11/2017,$493.29
B000318764,29NOV2017:00:00:00.000,SO02149806,407.76,407.76,Web,MM,AU,o625157584,organic,29/11/2017,$777.06
B000543674,01DEC2017:00:00:00.000,SO02156296,139.99,139.99,Web,RECR,AU,o241303081,organic,01/12/2017,$266.78
B000742479,01DEC2017:00:00:00.000,SO02156736,119.88,129.87,Web,RECR,AU,o630841410,organic,02/12/2017,$228.45
B000679704,04DEC2017:00:00:00.000,SO02164642,119.88,134.87,Web,RECR,AU,o619113674,organic,04/12/2017,$228.45
B000401055,08DEC2017:00:00:00.000,SO02176971,139.99,119.99,Web,RECR,AU,o180329157,organic,08/12/2017,$266.78
B000171638,09DEC2017:00:00:00.000,SO02177337,268.99,278.98,Web,MM,AU,o259868490,organic,09/12/2017,$470.71
B000595304,10DEC2017:00:00:00.000,SO02178707,335.76,335.76,Web,WEB,au,o521711597,organic,11/12/2017,$639.85
B000756717,13DEC2017:00:00:00.000,SO02182054,139.99,139.99,Web,RECR,au,o665007938,organic,13/12/2017,$266.78
B000310787,13DEC2017:00:00:00.000,SO02182096,119.88,132.87,Web,RECR,au,o313041163,organic,13/12/2017,$228.45
B000753031,13DEC2017:00:00:00.000,SO02182680,139.99,139.99,Web,RECR,au,o656228080,organic,14/12/2017,$266.78
B000737294,14DEC2017:00:00:00.000,SO02183303,129.99,142.98,Web,RECR,au,o610788910,organic,14/12/2017,$247.72
B000552629,16DEC2017:00:00:00.000,SO02184451,179.99,189.98,Web,RECR,au,o559288501,organic,16/12/2017,$343
B000759309,26DEC2017:00:00:00.000,SO02187732,139.99,139.99,Web,RECR,au,o686219728,organic,26/12/2017,$266.78
B000727584,26DEC2017:00:00:00.000,SO02187806,428.28,428.28,Web,WEB,au,o580630187,organic,26/12/2017,"$1,042.95"
B000759354,26DEC2017:00:00:00.000,SO02187906,139.99,119.99,Web,RECR,au,o687287175,organic,27/12/2017,$266.78
B000718177,29DEC2017:00:00:00.000,SO02189361,404.44,344.44,Web,WEB,au,o609890276,organic,30/12/2017,$770.74
B000509561,03JAN2018:00:00:00.000,SO02190787,139.99,139.99,Web,RECR,au,o699834614,organic,03/01/2018,$266.78
B000212585,03JAN2018:00:00:00.000,SO02190797,335.76,335.76,Web,WEB,au,o610065323,organic,03/01/2018,$639.85
B000405399,03JAN2018:00:00:00.000,SO02190811,221.85,231.84,Web,WEB,au,o622007273,organic,03/01/2018,$422.78
B000554219,03JAN2018:00:00:00.000,SO02190997,206.85,216.84,Web,WEB,au,o582725785,organic,04/01/2018,$394.19
B000584866,04JAN2018:00:00:00.000,SO02191301,341.76,341.76,Web,WEB,au,o330302380,organic,04/01/2018,$651.29
B000628039,04JAN2018:00:00:00.000,SO02191382,455.76,455.76,Web,WEB,au,o478904152,organic,04/01/2018,$868.54
B000647192,05JAN2018:00:00:00.000,SO02191624,527.64,527.64,Web,WEB,au,o614541054,organic,05/01/2018,"$1,005.52"
B000439572,07JAN2018:00:00:00.000,SO02192306,149.94,159.93,Web,WEB,au,o197052195,organic,07/01/2018,$285.74
B000563275,07JAN2018:00:00:00.000,SO02192361,311.76,311.76,Web,WEB,au,o437203902,organic,07/01/2018,$594.12
B000607121,08JAN2018:00:00:00.000,SO02193942,179.88,189.87,Web,WEB,au,o400778722,organic,08/01/2018,$342.80
B000268504,08JAN2018:00:00:00.000,SO02194290,425.76,425.76,Web,WEB,au,o661931847,organic,08/01/2018,$811.37
B000064012,11JAN2018:00:00:00.000,SO02197891,335.76,335.76,Web,WEB,au,o534803260,organic,11/01/2018,$639.85
B000599997,12JAN2018:00:00:00.000,SO02199745,187.35,200.34,Web,WEB,au,o652232799,organic,12/01/2018,$357.03
B000182800,12JAN2018:00:00:00.000,SO02200062,167.88,177.87,Web,WEB,au,o710936742,organic,12/01/2018,$319.93
B000648177,12JAN2018:00:00:00.000,SO02200121,139.99,139.99,Web,RECR,au,o517370235,organic,12/01/2018,$266.78
B000741567,16JAN2018:00:00:00.000,SO02203443,139.99,139.99,Web,RECR,au,o636536479,organic,16/01/2018,$266.78
B000593650,17JAN2018:00:00:00.000,SO02204342,299.76,299.76,Web,WEB,au,o563277005,organic,17/01/2018,$571.25
B000153123,17JAN2018:00:00:00.000,SO02204502,308.08,308.08,Web,WEB,au,o221846893,organic,17/01/2018,$532.03
B000687630,19JAN2018:00:00:00.000,SO02206796,291.79,291.79,Web,WEB,au,o642851679,organic,19/01/2018,$594.17
B000743289,23JAN2018:00:00:00.000,SO02210332,227.88,237.87,Web,EM,au,o646294920,organic,23/01/2018,$434.27
B000112876,25JAN2018:00:00:00.000,SO02212516,149.94,159.93,Web,WEB,au,o270952393,organic,25/01/2018,$285.74
B000231896,26JAN2018:00:00:00.000,SO02212931,254.82,284.8,Web,WEB,au,o155621629,organic,26/01/2018,$485.61
B000441944,29JAN2018:00:00:00.000,SO02214695,139.99,139.99,Web,RECR,au,o745687758,organic,29/01/2018,$266.78
B000764380,30JAN2018:00:00:00.000,SO02215843,284.84,264.84,Web,WEB,au,o748092764,organic,30/01/2018,$542.82
B000163248,01FEB2018:00:00:00.000,SO02218302,407.73,407.73,Web,WEB,au,o579006606,organic,01/02/2018,$777.01
B000745310,02FEB2018:00:00:00.000,SO02218956,161.88,171.87,Web,MM,au,o640861328,organic,02/02/2018,$308.49
B000273344,02FEB2018:00:00:00.000,SO02219674,139.99,139.99,Web,RECR,au,o430811666,organic,02/02/2018,$266.78
B000764894,02FEB2018:00:00:00.000,SO02219704,139.99,139.99,Web,RECR,au,o752810384,organic,02/02/2018,$266.78
B000740974,02FEB2018:00:00:00.000,SO02219784,167.88,160.87,Web,MM,au,o625890745,organic,02/02/2018,$319.93
B000151594,03FEB2018:00:00:00.000,SO02220400,179.88,192.87,Web,MM,au,o675518175,organic,03/02/2018,$342.80
B000659614,03FEB2018:00:00:00.000,SO02220518,129.99,139.98,Web,RECR,au,o651062037,organic,03/02/2018,$247.72
B000647624,03FEB2018:00:00:00.000,SO02220566,119.88,119.88,Web,RECR,au,o689813710,organic,04/02/2018,$228.45
B000755519,03FEB2018:00:00:00.000,SO02220585,119.88,129.87,Web,RECR,au,o662072845,organic,04/02/2018,$228.45
B000755519,03FEB2018:00:00:00.000,SO02220586,129.99,139.98,Web,RECR,au,o755586425,organic,04/02/2018,$247.72
B000538986,04FEB2018:00:00:00.000,SO02220759,194.85,204.84,Web,MM,au,o538806617,organic,04/02/2018,$371.32
B000534861,04FEB2018:00:00:00.000,SO02220781,139.99,152.98,Web,RECR,au,o468976965,organic,04/02/2018,$266.78
B000617185,05FEB2018:00:00:00.000,SO02222616,359.76,359.76,Web,MM,au,o374728795,organic,05/02/2018,$685.59
B000752736,05FEB2018:00:00:00.000,SO02222799,119.88,129.87,Web,RECR,au,o655902171,organic,05/02/2018,$228.45
B000359870,06FEB2018:00:00:00.000,SO02224679,119.88,129.87,Web,RECR,au,o461841776,organic,06/02/2018,$228.45
B000766018,07FEB2018:00:00:00.000,SO02225737,139.99,139.99,Web,RECR,au,o761110485,organic,07/02/2018,$266.78
B000692569,07FEB2018:00:00:00.000,SO02226379,203.88,213.87,Web,WEB,au,o762535198,organic,08/02/2018,$388.53
B000766484,08FEB2018:00:00:00.000,SO02227851,179.88,189.87,Web,WEB,au,o764110402,organic,09/02/2018,$342.80
B000721387,09FEB2018:00:00:00.000,SO02228268,139.99,149.98,Web,RECR,au,o552110364,organic,09/02/2018,$266.78
B000766701,09FEB2018:00:00:00.000,SO02228838,139.99,119.99,Web,RECR,au,o764812729,organic,09/02/2018,$266.78
B000738524,10FEB2018:00:00:00.000,SO02229430,139.99,139.99,Web,RECR,au,o615693704,organic,10/02/2018,$266.78
B000691534,12FEB2018:00:00:00.000,SO02231009,119.88,129.87,Web,RECR,au,o769035530,organic,12/02/2018,$228.45
B000704219,12FEB2018:00:00:00.000,SO02231098,347.76,347.76,Web,MM,au,o587936387,organic,12/02/2018,$662.72
B000007744,14FEB2018:00:00:00.000,SO02233447,155.88,168.87,Web,MM,au,o435961560,organic,14/02/2018,$297.06
B000767956,14FEB2018:00:00:00.000,SO02234095,139.99,139.99,Web,RECR,au,o774773189,organic,14/02/2018,$266.78
B000739256,14FEB2018:00:00:00.000,SO02234595,1131.24,1131.24,Web,WEB,au,o716575517,organic,15/02/2018,"$2,155.79"
B000154045,17FEB2018:00:00:00.000,SO02236526,119.99,129.98,Web,RECR,au,o297929027,organic,17/02/2018,$228.66
B000398960,19FEB2018:00:00:00.000,SO02238011,119.99,132.98,Web,RECR,au,o320962109,organic,19/02/2018,$228.66
B000734843,20FEB2018:00:00:00.000,SO02238949,119.99,129.98,Web,RECR,au,o667971328,organic,20/02/2018,$228.66
B000602254,20FEB2018:00:00:00.000,SO02239599,374.76,374.76,Web,WEB,au,o673863280,organic,21/02/2018,$714.18
B000661065,21FEB2018:00:00:00.000,SO02240243,179.99,192.98,Web,RECR,au,o787410123,organic,21/02/2018,$343
B000730518,21FEB2018:00:00:00.000,SO02240657,119.99,129.98,Web,RECR,au,o586798557,organic,22/02/2018,$228.66
B000769503,22FEB2018:00:00:00.000,SO02241154,139.99,139.99,Web,RECR,au,o788616401,organic,22/02/2018,$266.78
B000742479,22FEB2018:00:00:00.000,SO02241306,119.99,129.98,Web,RECR,au,o788916362,organic,22/02/2018,$228.66
B000573609,25FEB2018:00:00:00.000,SO02242791,139.99,139.99,Web,RECR,au,o604375196,organic,25/02/2018,$266.78
B000151571,27FEB2018:00:00:00.000,SO02244777,179.88,194.87,Web,WEB,au,o577853176,organic,27/02/2018,$342.80
B000403925,28FEB2018:00:00:00.000,SO02245893,567.71,567.71,Web,WEB,au,o754405833,organic,28/02/2018,$777.06
B000745979,28FEB2018:00:00:00.000,SO02245937,179.99,189.98,Web,RECR,au,o643070036,organic,28/02/2018,$343
B000597196,01MAR2018:00:00:00.000,SO02246743,335.76,305.76,Web,MM,au,o759090729,organic,01/03/2018,$639.85
B000628069,02MAR2018:00:00:00.000,SO02248137,359.76,359.76,Web,WEB,au,o803024684,organic,02/03/2018,$685.59
B000763739,04MAR2018:00:00:00.000,SO02248837,119.99,132.98,Web,RECR,au,o755954002,organic,04/03/2018,$228.66
B000767875,05MAR2018:00:00:00.000,SO02250064,161.99,161.99,Web,RECR,au,o774258673,organic,05/03/2018,$266.78
B000634793,05MAR2018:00:00:00.000,SO02250692,139.99,139.99,Web,RECR,au,o534380992,organic,05/03/2018,$266.78
B000166982,05MAR2018:00:00:00.000,SO02251119,194.85,204.84,Web,WEB,au,o759011471,organic,06/03/2018,$371.32
B000692615,06MAR2018:00:00:00.000,SO02251698,119.99,134.98,Web,RECR,au,o552588828,organic,06/03/2018,$228.66
B000707854,06MAR2018:00:00:00.000,SO02252452,239.88,219.87,Web,MM,au,o519611826,organic,07/03/2018,$457.14
B000772284,07MAR2018:00:00:00.000,SO02253149,149.94,162.93,Web,WEB,au,o811462475,organic,07/03/2018,$285.74
B000576360,08MAR2018:00:00:00.000,SO02254140,576.23,576.23,Web,WEB,au,o813241774,organic,08/03/2018,"$1,098.12"
B000625010,11MAR2018:00:00:00.000,SO02256318,366.79,366.79,Web,WEB,au,o673687001,organic,11/03/2018,$698.99
B000557944,11MAR2018:00:00:00.000,SO02256366,179.88,192.87,Web,WEB,au,o254457161,organic,11/03/2018,$342.80
B000416160,11MAR2018:00:00:00.000,SO02256373,300.9,300.9,Web,WEB,au,o734262385,organic,11/03/2018,$573.42
B000718564,11MAR2018:00:00:00.000,SO02256377,119.99,132.98,Web,RECR,au,o574296914,organic,11/03/2018,$228.66
B000735278,12MAR2018:00:00:00.000,SO02257606,194.85,207.84,Web,WEB,au,o720747460,organic,12/03/2018,$371.32
B000773425,12MAR2018:00:00:00.000,SO02257638,129.99,129.99,Web,RECR,au,o820904212,organic,12/03/2018,$266.78
B000652114,13MAR2018:00:00:00.000,SO02258108,119.99,129.98,Web,RECR,au,o712770376,organic,13/03/2018,$228.66
B000773689,13MAR2018:00:00:00.000,SO02258578,139.99,139.99,Web,RECR,au,o822813182,organic,13/03/2018,$266.78
B000355779,14MAR2018:00:00:00.000,SO02259176,239.85,249.84,Web,WEB,au,o209755315,organic,14/03/2018,$457.08
B000706639,14MAR2018:00:00:00.000,SO02259573,649.68,649.68,Web,WEB,au,o633222846,organic,15/03/2018,"$1,238.09"
B000751738,18MAR2018:00:00:00.000,SO02262690,139.99,139.99,Web,RECR,AU,o654933396,organic,18/03/2018,$266.78
B000775299,19MAR2018:00:00:00.000,SO02264342,139.99,139.99,Web,RECR,AU,o832925669,organic,19/03/2018,$266.78
B000775324,19MAR2018:00:00:00.000,SO02264386,139.99,139.99,Web,RECR,AU,o833630597,organic,20/03/2018,$266.78
B000628251,20MAR2018:00:00:00.000,SO02265292,179.88,189.87,Web,WEB,AU,o652566595,organic,20/03/2018,$342.80
B000737800,20MAR2018:00:00:00.000,SO02265612,187.35,167.34,Web,MM,AU,o612189490,organic,20/03/2018,$357.03
B000692188,20MAR2018:00:00:00.000,SO02265713,179.88,192.87,Web,MM,AU,o500368692,organic,20/03/2018,$342.80
B000776575,22MAR2018:00:00:00.000,SO02268378,139.99,139.99,Web,RECR,AU,o836926917,organic,22/03/2018,$266.78
B000617794,22MAR2018:00:00:00.000,SO02268522,335.76,335.76,Web,MM,AU,o535192715,organic,22/03/2018,$639.85
B000537653,22MAR2018:00:00:00.000,SO02268764,179.85,189.84,Web,WEB,AU,o710941596,organic,22/03/2018,$342.74
B000776714,22MAR2018:00:00:00.000,SO02268808,139.99,139.99,Web,RECR,AU,o837246402,organic,22/03/2018,$266.78
B000587769,22MAR2018:00:00:00.000,SO02268949,179.88,192.87,Web,MM,AU,o601038340,organic,23/03/2018,$342.80
B000652114,23MAR2018:00:00:00.000,SO02269298,139.99,139.99,Web,RECR,AU,o822243866,organic,23/03/2018,$266.78
B000293815,23MAR2018:00:00:00.000,SO02269836,224.4,224.4,Web,WEB,AU,o838644935,organic,24/03/2018,$427.64
B000293815,23MAR2018:00:00:00.000,SO02269847,119.99,119.99,Web,RECR,AU,o839345839,organic,24/03/2018,$228.66
B000776238,25MAR2018:00:00:00.000,SO02270602,179.99,192.98,Web,RECR,au,o835529473,organic,25/03/2018,$343
B000680114,26MAR2018:00:00:00.000,SO02271636,139.99,139.99,Web,RECR,AU,o436465193,organic,26/03/2018,$266.78
B000733429,26MAR2018:00:00:00.000,SO02271661,139.99,139.99,Web,RECR,AU,o786399528,organic,26/03/2018,$266.78
B000525975,27MAR2018:00:00:00.000,SO02272246,179.88,189.87,Web,MM,AU,o525408849,organic,27/03/2018,$342.80
B000777856,27MAR2018:00:00:00.000,SO02272303,149.94,164.93,Web,MM,AU,o844292009,organic,27/03/2018,$285.74
B000075925,27MAR2018:00:00:00.000,SO02272469,139.99,139.99,Web,RECR,AU,o844619047,organic,27/03/2018,$266.78
B000124279,28MAR2018:00:00:00.000,SO02272986,119.99,129.98,Web,RECR,AU,o145070336,organic,28/03/2018,$228.66
B000690188,28MAR2018:00:00:00.000,SO02273137,139.99,139.99,Web,RECR,AU,o702749716,organic,28/03/2018,$266.78
B000280852,29MAR2018:00:00:00.000,SO02273626,139.99,139.99,Web,RECR,AU,o847243113,organic,29/03/2018,$266.78
B000736290,30MAR2018:00:00:00.000,SO02274117,139.99,139.99,Web,RECR,AU,o745630236,organic,30/03/2018,$266.78
B000605734,31MAR2018:00:00:00.000,SO02274357,547.38,547.38,Web,MM,AU,o810641161,organic,31/03/2018,"$1,043.14"
B000778764,02APR2018:00:00:00.000,SO02274698,575.64,575.64,Web,MM,AU,o853933910,organic,02/04/2018,"$1,096.99"
B000441944,03APR2018:00:00:00.000,SO02276062,119.99,134.98,Web,RECR,AU,o745689996,organic,03/04/2018,$228.66
B000779478,05APR2018:00:00:00.000,SO02278287,139.99,139.99,Web,RECR,AU,o859368511,organic,05/04/2018,$266.78
B000703154,06APR2018:00:00:00.000,SO02278991,119.99,129.98,Web,RECR,AU,o807897719,organic,06/04/2018,$228.66
B000694079,06APR2018:00:00:00.000,SO02279429,119.99,132.98,Web,RECR,AU,o861363401,organic,06/04/2018,$228.66
B000777886,06APR2018:00:00:00.000,SO02279806,359.73,339.73,Web,WEB,AU,o844415825,organic,07/04/2018,$685.53
B000709792,07APR2018:00:00:00.000,SO02280123,139.99,139.99,Web,RECR,AU,o524579019,organic,07/04/2018,$266.78
B000579319,07APR2018:00:00:00.000,SO02280156,224.85,234.84,Web,WEB,AU,o752503579,organic,07/04/2018,$428.49
B000642919,07APR2018:00:00:00.000,SO02280194,461.76,461.76,Web,MM,AU,o820631261,organic,08/04/2018,$879.97
B000692190,08APR2018:00:00:00.000,SO02280287,139.99,139.99,Web,RECR,AU,o462410234,organic,08/04/2018,$266.78
B000207484,09APR2018:00:00:00.000,SO02281243,179.88,189.87,Web,MM,AU,o755789241,organic,09/04/2018,$342.80
B000641232,09APR2018:00:00:00.000,SO02281343,179.88,194.87,Web,MM,AU,o839660303,organic,09/04/2018,$342.80
B000106892,09APR2018:00:00:00.000,SO02281862,398.73,338.73,Web,MM,AU,o418814388,organic,09/04/2018,$759.86
B000296409,10APR2018:00:00:00.000,SO02282211,209.85,189.84,Web,MM,AU,o232769034,organic,10/04/2018,$399.91
B000109096,10APR2018:00:00:00.000,SO02282451,149.99,159.98,Web,RECR,AU,o369227942,organic,10/04/2018,$285.83
B000281319,10APR2018:00:00:00.000,SO02283055,329.73,269.73,Web,MM,AU,o869295209,organic,10/04/2018,$628.36
B000286214,10APR2018:00:00:00.000,SO02283126,299.76,299.76,Web,MM,AU,o869062128,organic,10/04/2018,$571.25
B000763429,10APR2018:00:00:00.000,SO02283161,139.99,139.99,Web,RECR,AU,o737570953,organic,11/04/2018,$266.78
B000383846,12APR2018:00:00:00.000,SO02284603,139.99,139.99,Web,RECR,AU,o621683215,organic,12/04/2018,$266.78
B000754048,12APR2018:00:00:00.000,SO02284747,119.99,134.98,Web,RECR,AU,o657924724,organic,12/04/2018,$228.66
B000669581,12APR2018:00:00:00.000,SO02284792,139.99,139.99,Web,RECR,AU,o599951865,organic,12/04/2018,$266.78
B000602254,12APR2018:00:00:00.000,SO02285279,293.79,313.77,Web,MM,AU,o848892220,organic,12/04/2018,$559.87
B000200190,12APR2018:00:00:00.000,SO02285323,239.88,269.87,Web,MM,AU,o663904527,organic,12/04/2018,$457.14
B000423285,12APR2018:00:00:00.000,SO02285425,119.99,129.98,Web,RECR,AU,o873903143,organic,13/04/2018,$228.66
B000672169,13APR2018:00:00:00.000,SO02286354,139.99,139.99,Web,RECR,AU,o874575307,organic,13/04/2018,$266.78
B000009521,15APR2018:00:00:00.000,SO02286992,173.88,188.87,Web,MM,AU,o708724552,organic,15/04/2018,$331.36
B000473446,15APR2018:00:00:00.000,SO02287000,659.52,659.52,Web,MM,AU,o878121633,organic,15/04/2018,"$1,256.84"
B000519962,15APR2018:00:00:00.000,SO02287003,155.88,140.87,Web,MM,AU,o528722710,organic,15/04/2018,$297.06
B000781711,16APR2018:00:00:00.000,SO02288478,139.99,139.99,Web,RECR,au,o880449548,organic,16/04/2018,$266.78
B000081714,17APR2018:00:00:00.000,SO02289539,119.99,129.98,Web,RECR,au,o750999836,organic,17/04/2018,$228.66
B000782495,21APR2018:00:00:00.000,SO02292663,139.99,139.99,Web,RECR,AU,o889974636,organic,21/04/2018,$266.78
B000154045,23APR2018:00:00:00.000,SO02293791,125.91,135.9,Web,WEB,AU,o804748091,organic,23/04/2018,$239.95
B000703462,23APR2018:00:00:00.000,SO02294163,254.67,260.65,Web,WEB,AU,o824199886,organic,23/04/2018,$485.32
B000782933,24APR2018:00:00:00.000,SO02294642,139.99,119.99,Web,RECR,AU,o895634809,organic,24/04/2018,$266.78
B000182348,24APR2018:00:00:00.000,SO02294792,149.99,159.98,Web,RECR,AU,o292093091,organic,24/04/2018,$285.83
B000783169,25APR2018:00:00:00.000,SO02295187,139.99,139.99,Web,RECR,AU,o898204234,organic,25/04/2018,$266.78
B000783174,25APR2018:00:00:00.000,SO02295194,139.99,139.99,Web,RECR,AU,o898209307,organic,25/04/2018,$266.78
B000758578,29APR2018:00:00:00.000,SO02298127,209.85,189.84,Web,MM,AU,o675773205,organic,29/04/2018,$399.91
B000526019,29APR2018:00:00:00.000,SO02298276,203.88,183.87,Web,MM,AU,o536506984,organic,29/04/2018,$388.53
B000784170,01MAY2018:00:00:00.000,SO02301399,139.99,139.99,Web,RECR,AU,o912878169,organic,01/05/2018,$266.78
B000772080,02MAY2018:00:00:00.000,SO02302498,119.99,129.98,Web,RECR,AU,o810330237,organic,02/05/2018,$228.66
B000784630,03MAY2018:00:00:00.000,SO02303893,139.99,119.99,Web,RECR,AU,o918440844,organic,04/05/2018,$266.78
B000105522,04MAY2018:00:00:00.000,SO02304332,170.88,183.87,Web,MM,AU,o895810554,organic,04/05/2018,$325.64
B000747313,04MAY2018:00:00:00.000,SO02304499,179.88,159.87,Web,MM,AU,o644735288,organic,04/05/2018,$342.80
B000648177,04MAY2018:00:00:00.000,SO02305042,139.99,139.99,Web,RECR,AU,o717044714,organic,04/05/2018,$266.78
B000016491,05MAY2018:00:00:00.000,SO02305401,167.88,147.87,Web,MM,AU,o811872782,organic,05/05/2018,$319.93
B000785305,06MAY2018:00:00:00.000,SO02305832,227.88,240.87,Web,MM,AU,o923598269,organic,06/05/2018,$434.27
B000785319,06MAY2018:00:00:00.000,SO02305849,139.99,139.99,Web,RECR,AU,o608817306,organic,06/05/2018,$266.78
B000703524,07MAY2018:00:00:00.000,SO02306963,350.88,350.88,Web,MM,au,o725631550,organic,07/05/2018,$668.67
B000718416,07MAY2018:00:00:00.000,SO02307975,119.99,129.98,Web,RECR,au,o579002730,organic,08/05/2018,$228.66
B000499935,08MAY2018:00:00:00.000,SO02308927,179.88,159.87,Web,MM,au,o559157973,organic,08/05/2018,$342.80
B000755407,08MAY2018:00:00:00.000,SO02308955,179.87,162.86,Web,MM,au,o661905800,organic,08/05/2018,$342.80
B000723575,08MAY2018:00:00:00.000,SO02309177,119.99,132.98,Web,RECR,au,o561032572,organic,08/05/2018,$228.66
B000787097,09MAY2018:00:00:00.000,SO02310735,392.34,362.34,Web,MM,au,o930580247,organic,09/05/2018,$747.68
B000787219,09MAY2018:00:00:00.000,SO02310998,139.99,139.99,Web,RECR,au,o930791220,organic,09/05/2018,$266.78
B000065205,10MAY2018:00:00:00.000,SO02312316,181.86,196.85,Web,MM,au,o218751301,organic,10/05/2018,$346.57
B000616034,12MAY2018:00:00:00.000,SO02314922,179.88,189.87,Web,MM,au,o867098035,organic,12/05/2018,$342.80
B000418075,12MAY2018:00:00:00.000,SO02314966,189.18,159.18,Web,MM,au,o770936172,organic,12/05/2018,$710.40
B000750378,12MAY2018:00:00:00.000,SO02315057,139.99,139.99,Web,RECR,au,o652068483,organic,12/05/2018,$266.78
B000789144,12MAY2018:00:00:00.000,SO02315111,99.96,109.95,Web,MM,au,o938199582,organic,12/05/2018,$190.49
B000108757,14MAY2018:00:00:00.000,SO02315227,863.52,863.52,Web,MM,au,o445393447,organic,13/05/2018,"$1,645.60"
B000589595,14MAY2018:00:00:00.000,SO02316921,239.88,249.87,Web,MM,au,o632176632,organic,14/05/2018,$457.14
B000720766,15MAY2018:00:00:00.000,SO02317977,335.76,335.76,Web,MM,au,o893670546,organic,15/05/2018,$639.85
B000506073,15MAY2018:00:00:00.000,SO02318217,361.97,361.97,Web,MM,au,o870513130,organic,15/05/2018,$689.80
B000303481,15MAY2018:00:00:00.000,SO02318296,335.76,335.76,Web,MM,au,o339893257,organic,15/05/2018,$639.85
B000563577,16MAY2018:00:00:00.000,SO02319003,139.99,119.99,Web,RECR,au,o946869777,organic,16/05/2018,$266.78
B000638043,16MAY2018:00:00:00.000,SO02319138,139.99,139.99,Web,RECR,au,o946982347,organic,16/05/2018,$266.78
B000790909,17MAY2018:00:00:00.000,SO02320351,139.99,139.99,Web,RECR,au,o949451444,organic,17/05/2018,$266.78
B000667674,17MAY2018:00:00:00.000,SO02320941,139.99,139.99,Web,RECR,au,o951444850,organic,18/05/2018,$266.78
B000752757,18MAY2018:00:00:00.000,SO02321437,119.99,129.98,Web,RECR,au,o786666363,organic,18/05/2018,$228.66
B000691735,21MAY2018:00:00:00.000,SO02324295,179.88,179.88,Web,MM,au,o928146013,organic,21/05/2018,$342.80
B000728134,22MAY2018:00:00:00.000,SO02325562,231.88,211.87,Web,MM,au,o962096568,organic,22/05/2018,$441.89
B000718592,22MAY2018:00:00:00.000,SO02325668,203.88,216.87,Web,WEB,au,o543680889,organic,22/05/2018,$388.53
B000425894,26MAY2018:00:00:00.000,SO02330166,113.94,126.93,Web,WEB,au,o286973589,organic,26/05/2018,$217.13
B000624689,26MAY2018:00:00:00.000,SO02330203,214.35,234.33,Web,MM,au,o673994596,organic,26/05/2018,$408.48
B000794059,26MAY2018:00:00:00.000,SO02330212,139.99,139.99,Web,RECR,au,o972066484,organic,26/05/2018,$266.78
B000719897,29MAY2018:00:00:00.000,SO02333400,248.76,248.76,Web,MM,au,o972608834,organic,29/05/2018,$474.06
B000690260,30MAY2018:00:00:00.000,SO02334726,304.73,304.73,Web,MM,au,o900066065,organic,30/05/2018,$599.78
B000797204,08JUN2018:00:00:00.000,SO02339840,139.99,139.99,Web,RECR,au,o1000979278,organic,06/06/2018,$266.78
B000797388,08JUN2018:00:00:00.000,SO02340239,139.99,119.99,Web,RECR,au,o1003628292,organic,07/06/2018,$266.78
B000797388,08JUN2018:00:00:00.000,SO02340248,119.99,129.98,Web,RECR,au,o1003649951,organic,07/06/2018,$228.66
B000797454,08JUN2018:00:00:00.000,SO02340402,139.99,139.99,Web,RECR,au,o1005766250,organic,08/06/2018,$266.78
B000797455,08JUN2018:00:00:00.000,SO02340403,139.99,139.99,Web,RECR,au,o1005767271,organic,08/06/2018,$266.78
B000459940,08JUN2018:00:00:00.000,SO02340567,317.76,317.76,Web,MM,au,o585115806,organic,07/06/2018,$605.55
B000493169,08JUN2018:00:00:00.000,SO02342699,179.88,189.87,Web,MM,au,o237620880,organic,08/06/2018,$342.80
B000215551,10JUN2018:00:00:00.000,SO02343380,179.99,194.98,Web,RECR,au,o996318416,organic,10/06/2018,$343
B000798329,10JUN2018:00:00:00.000,SO02343401,129.99,139.98,Web,RECR,au,o1012168097,organic,10/06/2018,$247.72
B000798329,10JUN2018:00:00:00.000,SO02343421,149.99,159.98,Web,RECR,au,o1012231739,organic,10/06/2018,$285.83
B000765599,11JUN2018:00:00:00.000,SO02343559,119.99,119.99,Web,RECR,au,o1014197555,organic,11/06/2018,$228.66
B000765599,11JUN2018:00:00:00.000,SO02343561,119.99,119.99,Web,RECR,au,o849179522,organic,11/06/2018,$228.66
B000525689,11JUN2018:00:00:00.000,SO02343841,314.73,304.73,Web,MM,au,o1008783195,organic,09/06/2018,$599.78
B000798770,12JUN2018:00:00:00.000,SO02345879,161.88,176.87,Web,MM,au,o1017670463,organic,12/06/2018,$308.49
B000798854,12JUN2018:00:00:00.000,SO02346026,191.88,201.87,Web,MM,au,o1019334146,organic,13/06/2018,$365.66
B000666480,12JUN2018:00:00:00.000,SO02346033,119.99,129.98,Web,RECR,au,o977322512,organic,13/06/2018,$228.66
B000786685,14JUN2018:00:00:00.000,SO02347671,119.99,109.98,Web,RECR,au,o1012081614,organic,14/06/2018,$228.66
B000674240,14JUN2018:00:00:00.000,SO02347813,119.99,134.98,Web,RECR,au,o960370066,organic,14/06/2018,$228.66
B000235879,15JUN2018:00:00:00.000,SO02348637,179.88,189.87,Web,WEB,au,o988001972,organic,15/06/2018,$342.80
B000398350,17JUN2018:00:00:00.000,SO02349931,395.76,395.76,Web,MM,au,o937942569,organic,17/06/2018,$754.20
B000800403,19JUN2018:00:00:00.000,SO02352859,139.99,139.99,Web,RECR,au,o1036323581,organic,19/06/2018,$266.78
B000800433,19JUN2018:00:00:00.000,SO02352944,139.99,139.99,Web,RECR,au,o1036506495,organic,19/06/2018,$266.78
B000671986,20JUN2018:00:00:00.000,SO02354653,119.99,129.98,Web,RECR,au,o897523562,organic,20/06/2018,$228.66
B000141714,20JUN2018:00:00:00.000,SO02354661,298.35,328.34,Web,MM,au,o179376525,organic,20/06/2018,$568.56
B000361884,20JUN2018:00:00:00.000,SO02354879,139.99,139.99,Web,RECR,au,o1040822550,organic,21/06/2018,$266.78
B000733074,21JUN2018:00:00:00.000,SO02355879,139.99,139.99,Web,RECR,au,o594387900,organic,21/06/2018,$266.78
B000801313,21JUN2018:00:00:00.000,SO02356129,129.99,139.98,Web,RECR,au,o1042086872,organic,21/06/2018,$247.72
B000768044,22JUN2018:00:00:00.000,SO02357661,239.88,249.87,Web,WEB,au,o1045275475,organic,22/06/2018,$457.14
B000801755,22JUN2018:00:00:00.000,SO02357753,179.88,189.87,Web,WEB,au,o1044334400,organic,22/06/2018,$342.80
B000774950,23JUN2018:00:00:00.000,SO02358321,215.85,215.84,Web,MM,au,o1005174778,organic,23/06/2018,$411.34
B000802212,24JUN2018:00:00:00.000,SO02359026,255,269.99,Web,WEB,au,o1049660412,organic,24/06/2018,$485.95
B000724064,25JUN2018:00:00:00.000,SO02359385,0,0,Web,RECR,au,o807768728,organic,25/06/2018,$228.66
B000724064,25JUN2018:00:00:00.000,SO02359509,179.99,189.98,Web,RECR,au,o1053297735,organic,25/06/2018,$343
B000802503,25JUN2018:00:00:00.000,SO02359911,139.99,139.99,Web,RECR,au,o1053846226,organic,25/06/2018,$266.78
B000802649,26JUN2018:00:00:00.000,SO02360434,239.88,252.87,Web,MM,au,o1056490138,organic,26/06/2018,$457.14
B000802742,26JUN2018:00:00:00.000,SO02360659,139.99,139.99,Web,RECR,au,o1057188048,organic,26/06/2018,$266.78
B000206754,27JUN2018:00:00:00.000,SO02361362,161.88,171.87,Web,MM,au,o752854683,organic,27/06/2018,$308.49
B000439100,27JUN2018:00:00:00.000,SO02361413,139.99,139.99,Web,RECR,au,o874374469,organic,27/06/2018,$266.78
B000778160,02JUL2018:00:00:00.000,SO02365690,139.99,139.99,Web,RECR,au,o846241935,organic,02/07/2018,$266.78
B000498939,02JUL2018:00:00:00.000,SO02365747,139.99,139.99,Web,RECR,au,o1073557372,organic,02/07/2018,$266.78
B000693279,02JUL2018:00:00:00.000,SO02365783,290.16,320.14,Web,MM,au,o862965174,organic,02/07/2018,$552.95
B000672788,04JUL2018:00:00:00.000,SO02367376,119.99,129.98,Web,RECR,au,o585732235,organic,04/07/2018,$228.66
B000592080,05JUL2018:00:00:00.000,SO02368418,119.99,129.98,Web,RECR,au,o468907723,organic,05/07/2018,$228.66
B000805963,05JUL2018:00:00:00.000,SO02368443,139.99,139.99,Web,RECR,au,o1080541944,organic,05/07/2018,$266.78
B000578853,05JUL2018:00:00:00.000,SO02368477,119.99,132.98,Web,RECR,au,o865092624,organic,05/07/2018,$228.66
B000785705,05JUL2018:00:00:00.000,SO02368676,119.99,132.98,Web,RECR,au,o1027890294,organic,05/07/2018,$228.66
B000710276,05JUL2018:00:00:00.000,SO02369150,167.88,180.87,Web,MM,au,o856209407,organic,05/07/2018,$319.93
B000806247,06JUL2018:00:00:00.000,SO02369908,139.99,139.99,Web,RECR,au,o1083292612,organic,06/07/2018,$266.78
B000777060,06JUL2018:00:00:00.000,SO02370107,149.99,162.98,Web,RECR,au,o838525170,organic,06/07/2018,$285.83
B000806379,06JUL2018:00:00:00.000,SO02370626,139.99,139.99,Web,RECR,au,o1083924867,organic,06/07/2018,$266.78
B000292450,07JUL2018:00:00:00.000,SO02371282,167.88,152.87,Web,MM,au,o493424819,organic,07/07/2018,$319.93
B000807032,08JUL2018:00:00:00.000,SO02372111,119.99,129.98,Web,RECR,au,o1085866114,organic,07/07/2018,$228.66
B000648177,09JUL2018:00:00:00.000,SO02373671,139.99,139.99,Web,RECR,au,o919546911,organic,09/07/2018,$266.78
B000253401,10JUL2018:00:00:00.000,SO02374431,139.99,139.99,Web,RECR,au,o243460903,organic,10/07/2018,$266.78
B000769769,10JUL2018:00:00:00.000,SO02374661,119.99,129.98,Web,RECR,au,o790449380,organic,10/07/2018,$228.66
B000783714,11JUL2018:00:00:00.000,SO02376736,119.99,109.98,Web,RECR,au,o905627860,organic,11/07/2018,$228.66
B000808733,13JUL2018:00:00:00.000,SO02379205,139.99,139.99,Web,RECR,au,o1100872245,organic,13/07/2018,$266.78
B000808784,13JUL2018:00:00:00.000,SO02379439,139.99,139.99,Web,RECR,au,o1101002688,organic,13/07/2018,$266.78
B000608857,13JUL2018:00:00:00.000,SO02379818,203.88,218.87,Web,WEB,au,o837383726,organic,13/07/2018,$388.53
B000126401,14JUL2018:00:00:00.000,SO02380298,119.99,129.98,Web,RECR,au,o806239385,organic,14/07/2018,$228.66
B000703048,15JUL2018:00:00:00.000,SO02380732,119.99,129.98,Web,RECR,au,o501086464,organic,15/07/2018,$228.66
B000809401,15JUL2018:00:00:00.000,SO02380978,139.99,139.99,Web,RECR,au,o1105115154,organic,15/07/2018,$266.78
B000413534,16JUL2018:00:00:00.000,SO02381946,139.99,139.99,Web,RECR,au,o420114208,organic,16/07/2018,$266.78
B000810725,18JUL2018:00:00:00.000,SO02385739,139.99,119.99,Web,RECR,au,o1115800031,organic,19/07/2018,$266.78
B000672974,18JUL2018:00:00:00.000,SO02385746,119.99,129.98,Web,RECR,au,o1030742545,organic,19/07/2018,$228.66
B000811714,22JUL2018:00:00:00.000,SO02389203,139.99,139.99,Web,RECR,au,o1125585830,organic,22/07/2018,$266.78
B000811755,22JUL2018:00:00:00.000,SO02389269,139.99,139.99,Web,RECR,au,o1125975588,organic,22/07/2018,$266.78
B000587260,22JUL2018:00:00:00.000,SO02389302,209.88,219.87,Web,WEB,au,o768584237,organic,22/07/2018,$399.97
B000695454,22JUL2018:00:00:00.000,SO02389371,139.99,139.99,Web,RECR,au,o1039491523,organic,23/07/2018,$266.78
B000730021,24JUL2018:00:00:00.000,SO02392087,139.99,139.99,Web,RECR,au,o890337329,organic,24/07/2018,$266.78
B000539306,24JUL2018:00:00:00.000,SO02392533,116.66,116.66,Web,RECR,au,o898490315,organic,24/07/2018,$266.78
B000786685,26JUL2018:00:00:00.000,SO02394316,119.99,129.98,Web,RECR,au,o1022789098,organic,26/07/2018,$228.66
B000813117,26JUL2018:00:00:00.000,SO02394850,139.99,139.99,Web,RECR,au,o1137834760,organic,26/07/2018,$266.78
B000813358,27JUL2018:00:00:00.000,SO02395666,139.99,139.99,Web,RECR,au,o1140483997,organic,27/07/2018,$266.78
B000728653,27JUL2018:00:00:00.000,SO02396110,139.99,139.99,Web,RECR,au,o895678442,organic,27/07/2018,$266.78
B000797102,28JUL2018:00:00:00.000,SO02396682,139.99,139.99,Web,RECR,au,o996419562,organic,28/07/2018,$266.78
B000773869,29JUL2018:00:00:00.000,SO02397034,139.99,119.99,Web,RECR,au,o824197667,organic,29/07/2018,$266.78
B000814313,30JUL2018:00:00:00.000,SO02398733,119.99,132.98,Web,RECR,au,o1149572815,organic,30/07/2018,$228.66
B000814347,30JUL2018:00:00:00.000,SO02398818,119.99,134.98,Web,RECR,au,o1149804007,organic,30/07/2018,$228.66
B000814449,30JUL2018:00:00:00.000,SO02398983,139.99,139.99,Web,RECR,au,o1148850162,organic,30/07/2018,$266.78
B000382788,31JUL2018:00:00:00.000,SO02399843,139.99,139.99,Web,RECR,au,o177714451,organic,31/07/2018,$266.78
B000815077,01AUG2018:00:00:00.000,SO02401613,139.99,139.99,Web,RECR,au,o1156130547,organic,01/08/2018,$266.78
B000283240,03AUG2018:00:00:00.000,SO02404773,87.01,100,Web,RECR,au,o317029952,organic,03/08/2018,$228.66
B000249490,04AUG2018:00:00:00.000,SO02405396,137.88,147.87,Web,MM,au,o928785169,organic,04/08/2018,$262.76
B000357414,05AUG2018:00:00:00.000,SO02405907,139.99,139.99,Web,RECR,au,o884175016,organic,06/08/2018,$266.78
B000504009,07AUG2018:00:00:00.000,SO02408906,89.94,99.93,Web,MM,au,o1175713229,organic,07/08/2018,$171.40
B000361464,07AUG2018:00:00:00.000,SO02409074,155.88,135.88,Web,WEB,au,o987624611,organic,07/08/2018,$297.06
B000791592,07AUG2018:00:00:00.000,SO02409767,139.99,139.99,Web,RECR,au,o1176760166,organic,07/08/2018,$266.78
B000632985,07AUG2018:00:00:00.000,SO02409811,239.88,252.87,Web,MM,au,o1177073859,organic,07/08/2018,$457.14
B000676729,08AUG2018:00:00:00.000,SO02411101,359.76,299.76,Web,MM,au,o448363438,organic,08/08/2018,$685.59
B000817535,09AUG2018:00:00:00.000,SO02412028,139.99,119.99,Web,RECR,au,o1182457778,organic,09/08/2018,$266.78
B000817867,10AUG2018:00:00:00.000,SO02413508,139.99,139.99,Web,RECR,au,o1186810554,organic,10/08/2018,$266.78
B000763324,10AUG2018:00:00:00.000,SO02413590,191.88,171.87,Web,MM,au,o737137019,organic,10/08/2018,$365.66
B000403925,11AUG2018:00:00:00.000,SO02413751,449.73,449.73,Web,MM,au,o1081263120,organic,11/08/2018,$857.05
B000818154,11AUG2018:00:00:00.000,SO02414127,139.99,139.99,Web,RECR,au,o1192930222,organic,12/08/2018,$266.78
B000546659,12AUG2018:00:00:00.000,SO02414251,311.79,311.79,Web,MM,au,o1009152415,organic,12/08/2018,$594.17
B000776275,12AUG2018:00:00:00.000,SO02414271,359.76,359.76,Web,MM,au,o1110507674,organic,12/08/2018,$685.59
B000667285,14AUG2018:00:00:00.000,SO02416844,139.99,139.99,Web,RECR,au,o945229245,organic,14/08/2018,$266.78
B000797204,15AUG2018:00:00:00.000,SO02417803,167.88,177.87,Web,WEB,au,o1110379255,organic,15/08/2018,$319.93
B000818995,15AUG2018:00:00:00.000,SO02418009,139.99,139.99,Web,RECR,au,o1204707223,organic,15/08/2018,$266.78
B000625632,17AUG2018:00:00:00.000,SO02420579,251.85,261.84,Web,WEB,au,o482197494,organic,17/08/2018,$479.95
B000819473,17AUG2018:00:00:00.000,SO02420735,139.99,139.99,Web,RECR,au,o1211549772,organic,17/08/2018,$266.78
B000820064,19AUG2018:00:00:00.000,SO02422193,119.99,134.98,Web,RECR,au,o1219261581,organic,19/08/2018,$228.66
B000274484,21AUG2018:00:00:00.000,SO02426033,422.73,422.73,Web,MM,au,o985537662,organic,21/08/2018,$805.59
B000820924,21AUG2018:00:00:00.000,SO02426136,119.99,134.98,Web,RECR,au,o1224745100,organic,21/08/2018,$228.66
B000820924,21AUG2018:00:00:00.000,SO02426137,269.88,299.86,Web,WEB,au,o1224713566,organic,21/08/2018,$514.31
B000821201,22AUG2018:00:00:00.000,SO02427961,139.99,139.99,Web,RECR,au,o1229405795,organic,22/08/2018,$266.78
B000821320,23AUG2018:00:00:00.000,SO02428680,0,0,Web,RECR,au,o1231256992,organic,23/08/2018,$266.78
B000525995,23AUG2018:00:00:00.000,SO02429510,139.99,139.99,Web,RECR,au,o289537964,organic,23/08/2018,$266.78
B000200190,27AUG2018:00:00:00.000,SO02432202,179.99,209.98,Web,RECR,au,o873063611,organic,27/08/2018,$343
B000822552,27AUG2018:00:00:00.000,SO02432222,226.08,236.07,Web,WEB,au,o1246778929,organic,27/08/2018,$430.84
B000439100,28AUG2018:00:00:00.000,SO02433137,129.99,139.98,Web,RECR,au,o1059768457,organic,28/08/2018,$247.72
B000582784,28AUG2018:00:00:00.000,SO02433180,196.49,206.48,Web,WEB,au,o324102131,organic,28/08/2018,$374.45
B000823115,29AUG2018:00:00:00.000,SO02434045,139.99,139.99,Web,RECR,au,o1254039583,organic,29/08/2018,$266.78
B000668931,30AUG2018:00:00:00.000,SO02435032,203.88,213.87,Web,MM,au,o928461487,organic,31/08/2018,$388.53
B000522376,31AUG2018:00:00:00.000,SO02435622,458.88,458.88,Web,MM,au,o1096483047,organic,31/08/2018,$874.48
B000142643,01SEP2018:00:00:00.000,SO02436416,371.76,371.76,Web,MM,au,o1187117564,organic,01/09/2018,$708.46
B000791506,02SEP2018:00:00:00.000,SO02436596,139.99,119.99,Web,RECR,au,o1022763134,organic,02/09/2018,$266.78
B000808194,02SEP2018:00:00:00.000,SO02436662,149.99,159.98,Web,RECR,au,o1212148492,organic,02/09/2018,$285.83
B000824029,02SEP2018:00:00:00.000,SO02436837,139.99,139.99,Web,RECR,au,o1269428426,organic,03/09/2018,$266.78
B000824190,03SEP2018:00:00:00.000,SO02437924,0,0,Web,RECR,au,o1270951176,organic,03/09/2018,$266.78
B000824190,03SEP2018:00:00:00.000,SO02437925,139.99,139.99,Web,RECR,au,o1270958802,organic,03/09/2018,$266.78
B000249809,03SEP2018:00:00:00.000,SO02437976,139.99,119.99,Web,RECR,au,o1156385618,organic,03/09/2018,$266.78
B000824224,03SEP2018:00:00:00.000,SO02438031,139.99,139.99,Web,RECR,au,o1271426601,organic,03/09/2018,$266.78
B000803257,03SEP2018:00:00:00.000,SO02438052,179.99,189.98,Web,RECR,au,o1062084626,organic,03/09/2018,$343
B000824295,03SEP2018:00:00:00.000,SO02438118,139.99,139.99,Web,RECR,au,o1263289360,organic,01/09/2018,$266.78
B000142451,03SEP2018:00:00:00.000,SO02438147,139.99,139.99,Web,RECR,au,o1118931200,organic,04/09/2018,$266.78
B000471779,04SEP2018:00:00:00.000,SO02439032,188.88,203.87,Web,MM,au,o1246514239,organic,04/09/2018,$319.93
B000513300,06SEP2018:00:00:00.000,SO02442405,139.99,139.99,Web,RECR,au,o233440016,organic,06/09/2018,$266.78
B000825554,06SEP2018:00:00:00.000,SO02442435,139.99,139.99,Web,RECR,au,o1282321306,organic,06/09/2018,$266.78
B000737086,06SEP2018:00:00:00.000,SO02442637,179.88,192.87,Web,WEB,au,o1075500883,organic,06/09/2018,$342.80
B000620799,06SEP2018:00:00:00.000,SO02442878,351.87,351.87,Web,WEB,au,o336588143,organic,06/09/2018,$670.55
B000628280,09SEP2018:00:00:00.000,SO02445716,681.57,681.57,Web,MM,au,o1015370405,organic,10/09/2018,"$1,298.86"
B000820420,11SEP2018:00:00:00.000,SO02447807,188.64,188.64,Web,WEB,au,o1298166607,organic,11/09/2018,$359.49
B000827112,11SEP2018:00:00:00.000,SO02447812,139.99,139.99,Web,RECR,au,o1302104247,organic,11/09/2018,$266.78
B000820420,11SEP2018:00:00:00.000,SO02447813,129.99,129.99,Web,RECR,au,o1302105019,organic,11/09/2018,$247.72
B000046089,14SEP2018:00:00:00.000,SO02451366,207.84,227.82,Web,MM,au,o587710381,organic,14/09/2018,$396.08
B000034045,15SEP2018:00:00:00.000,SO02451713,389.87,389.87,Web,MM,au,o1318421678,organic,15/09/2018,$742.97
B000471550,15SEP2018:00:00:00.000,SO02451716,319.98,319.98,Web,MM,au,o1149908456,organic,15/09/2018,$609.78
B000827112,16SEP2018:00:00:00.000,SO02452161,139.99,139.99,Web,RECR,au,o1302108501,organic,16/09/2018,$266.78
B000235879,18SEP2018:00:00:00.000,SO02454976,119.99,119.99,Web,RECR,au,o1025574849,organic,18/09/2018,$228.66
B000803257,18SEP2018:00:00:00.000,SO02455557,203.88,183.87,Web,MM,au,o1271660903,organic,18/09/2018,$388.53
B000818408,19SEP2018:00:00:00.000,SO02456992,139.99,139.99,Web,RECR,au,o1282418991,organic,19/09/2018,$266.78
B000829639,19SEP2018:00:00:00.000,SO02457031,139.99,119.99,Web,RECR,au,o1334108224,organic,19/09/2018,$266.78
B000829952,20SEP2018:00:00:00.000,SO02458276,139.99,139.99,Web,RECR,au,o1337017642,organic,20/09/2018,$266.78
B000646570,21SEP2018:00:00:00.000,SO02459108,119.99,129.98,Web,RECR,AU,o843942265,organic,21/09/2018,$228.66
B000667674,21SEP2018:00:00:00.000,SO02459133,179.88,189.87,Web,MM,AU,o951447212,organic,21/09/2018,$342.80
B000690449,22SEP2018:00:00:00.000,SO02459617,301.74,301.74,Web,WEB,AU,o1197467814,organic,22/09/2018,$575.02
B000127133,22SEP2018:00:00:00.000,SO02459647,347.76,327.76,Web,MM,AU,o917703013,organic,22/09/2018,$662.72
B000786217,24SEP2018:00:00:00.000,SO02460672,179.85,199.83,Web,MM,AU,o1200720151,organic,24/09/2018,$342.74
B000830721,24SEP2018:00:00:00.000,SO02460811,139.99,139.99,Web,RECR,AU,o1351456359,organic,24/09/2018,$266.78
B000413351,24SEP2018:00:00:00.000,SO02461236,119.99,129.98,Web,RECR,AU,o1081507118,organic,24/09/2018,$228.66
B000831179,25SEP2018:00:00:00.000,SO02462501,139.99,119.99,Web,RECR,AU,o1358389051,organic,26/09/2018,$266.78
B000639333,26SEP2018:00:00:00.000,SO02463534,203.88,213.87,Web,WEB,AU,o1361006545,organic,26/09/2018,$388.53
B000811755,30SEP2018:00:00:00.000,SO02466506,119.99,132.98,Web,RECR,AU,o1131989441,organic,30/09/2018,$228.66
B000474145,30SEP2018:00:00:00.000,SO02466582,139.99,119.99,Web,RECR,AU,o210032321,organic,01/10/2018,$266.78
B000520331,01OCT2018:00:00:00.000,SO02466848,119.99,119.99,Web,RECR,AU,o1355347766,organic,01/10/2018,$228.66
B000697184,01OCT2018:00:00:00.000,SO02466859,139.99,139.99,Web,RECR,AU,o1297235001,organic,01/10/2018,$266.78
B000775752,03OCT2018:00:00:00.000,SO02470522,335.76,305.76,Web,MM,AU,o1356022737,organic,03/10/2018,$639.85
B000600874,04OCT2018:00:00:00.000,SO02471914,335.76,275.76,Web,MM,AU,o1392263491,organic,04/10/2018,$639.85
B000720573,04OCT2018:00:00:00.000,SO02471966,311.76,251.76,Web,MM,AU,o549387738,organic,04/10/2018,$594.12
B000620799,04OCT2018:00:00:00.000,SO02472184,179.88,159.87,Web,MM,AU,o1283354395,organic,04/10/2018,$342.80
B000706639,05OCT2018:00:00:00.000,SO02472866,573.96,573.96,Web,MM,AU,o925985299,organic,05/10/2018,"$1,093.79"
B000495319,05OCT2018:00:00:00.000,SO02473163,179.88,159.87,Web,MM,AU,o497818517,organic,05/10/2018,$342.80
B000336304,05OCT2018:00:00:00.000,SO02473332,119.99,132.98,Web,RECR,AU,o1162189843,organic,05/10/2018,$228.66
B000834094,06OCT2018:00:00:00.000,SO02474286,139.99,119.99,Web,RECR,AU,o1400593207,organic,06/10/2018,$266.78
B000834184,07OCT2018:00:00:00.000,SO02474479,139.99,139.99,Web,RECR,AU,o1403377219,organic,07/10/2018,$266.78
B000834521,08OCT2018:00:00:00.000,SO02476185,139.99,139.99,Web,RECR,AU,o1407050055,organic,08/10/2018,$266.78
B000708949,08OCT2018:00:00:00.000,SO02476737,179.88,159.87,Web,MM,AU,o1134740466,organic,09/10/2018,$342.80
B000766119,09OCT2018:00:00:00.000,SO02477503,119.99,134.98,Web,RECR,AU,o996071443,organic,09/10/2018,$228.66
B000361464,10OCT2018:00:00:00.000,SO02479316,329.88,329.88,Web,MM,AU,o1328221748,organic,10/10/2018,$628.65
B000835407,11OCT2018:00:00:00.000,SO02480517,139.99,119.99,Web,RECR,AU,o1419555740,organic,11/10/2018,$266.78
B000609591,13OCT2018:00:00:00.000,SO02482954,323.13,323.13,Web,MM,AU,o1129348369,organic,13/10/2018,$615.79
B000625010,13OCT2018:00:00:00.000,SO02483279,193.8,203.79,Web,WEB,AU,o1296763722,organic,14/10/2018,$369.32
B000809344,14OCT2018:00:00:00.000,SO02483472,179.88,189.87,Web,MM,au,o1290143707,organic,14/10/2018,$342.80
B000646646,14OCT2018:00:00:00.000,SO02483513,335.76,275.76,Web,MM,au,o667948943,organic,14/10/2018,$639.85
B000813037,15OCT2018:00:00:00.000,SO02484975,119.99,129.98,Web,RECR,au,o1363393712,organic,15/10/2018,$228.66
B000273899,15OCT2018:00:00:00.000,SO02486092,119.99,132.98,Web,RECR,au,o1286174714,organic,15/10/2018,$228.66
B000788045,18OCT2018:00:00:00.000,SO02490106,179.88,164.87,Web,MM,au,o933154311,organic,18/10/2018,$342.80
B000777856,18OCT2018:00:00:00.000,SO02490541,179.88,194.87,Web,WEB,au,o1453737020,organic,18/10/2018,$342.80
B000515712,18OCT2018:00:00:00.000,SO02490776,139.99,139.99,Web,RECR,au,o1016852155,organic,19/10/2018,$266.78
B000197882,19OCT2018:00:00:00.000,SO02491728,139.99,139.99,Web,RECR,au,o1293511717,organic,19/10/2018,$266.78
B000795370,19OCT2018:00:00:00.000,SO02492076,173.88,183.87,Web,MM,au,o1078702135,organic,19/10/2018,$331.36
B000642919,20OCT2018:00:00:00.000,SO02492437,319.98,319.98,Web,MM,au,o1165585774,organic,20/10/2018,$609.78
B000593233,22OCT2018:00:00:00.000,SO02495555,139.99,119.99,Web,RECR,au,o576161596,organic,22/10/2018,$266.78
B000841382,24OCT2018:00:00:00.000,SO02499188,139.99,139.99,Web,RECR,au,o1487996591,organic,25/10/2018,$266.78
B000790929,25OCT2018:00:00:00.000,SO02500000,139.99,139.99,Web,RECR,au,o1488813672,organic,25/10/2018,$266.78
B000149981,27OCT2018:00:00:00.000,SO02502304,179.88,189.87,Web,MM,au,o246079686,organic,27/10/2018,$342.80
B000587194,27OCT2018:00:00:00.000,SO02502771,139.99,139.99,Web,RECR,au,o802772522,organic,27/10/2018,$266.78
,28OCT2018:00:00:00.000,SO02504206,0,0,Web,RECR,au,o1499898083,organic,27/10/2018,$266.78
B000728653,31OCT2018:00:00:00.000,SO02508911,139.99,139.99,Web,RECR,au,o1235275864,organic,31/10/2018,$266.78
B000821576,02NOV2018:00:00:00.000,SO02513212,139.99,139.99,Web,RECR,au,o1524313655,organic,02/11/2018,$266.78
B000713319,02NOV2018:00:00:00.000,SO02513326,323.76,323.76,Web,MM,au,o585887330,organic,02/11/2018,$616.99
B000736217,02NOV2018:00:00:00.000,SO02513666,119.99,129.98,Web,RECR,au,o1086600540,organic,02/11/2018,$228.66
B000442152,02NOV2018:00:00:00.000,SO02513822,416.7,416.7,Web,WEB,au,o1225751101,organic,02/11/2018,$794.10
B000834460,02NOV2018:00:00:00.000,SO02514017,119.99,132.98,Web,RECR,au,o1406739209,organic,03/11/2018,$228.66
B000828016,04NOV2018:00:00:00.000,SO02515068,119.99,132.98,Web,RECR,au,o1318421254,organic,04/11/2018,$228.66
B000847815,05NOV2018:00:00:00.000,SO02519350,139.99,119.99,Web,RECR,au,o1537327924,organic,05/11/2018,$266.78
B000795693,06NOV2018:00:00:00.000,SO02519784,139.99,119.99,Web,RECR,au,o984999235,organic,06/11/2018,$266.78
B000848058,06NOV2018:00:00:00.000,SO02519945,139.99,119.99,Web,RECR,au,o1540379320,organic,06/11/2018,$266.78
B000484000,06NOV2018:00:00:00.000,SO02520472,347.76,347.76,Web,MM,au,o1541174689,organic,06/11/2018,$662.72
B000807854,07NOV2018:00:00:00.000,SO02523227,179.88,169.87,Web,MM,au,o1093940497,organic,07/11/2018,$342.80
B000850664,09NOV2018:00:00:00.000,SO02527973,139.99,119.99,Web,RECR,au,o1557540337,organic,10/11/2018,$266.78
B000809755,10NOV2018:00:00:00.000,SO02528351,139.99,139.99,Web,RECR,au,o1107633157,organic,10/11/2018,$266.78
B000669749,10NOV2018:00:00:00.000,SO02528438,311.76,311.76,Web,MM,au,o1558900665,organic,10/11/2018,$594.12
B000768435,11NOV2018:00:00:00.000,SO02529089,139.99,139.99,Web,RECR,au,o779569496,organic,11/11/2018,$266.78
B000851490,11NOV2018:00:00:00.000,SO02529178,155.88,165.87,Web,WEB,au,o1563808305,organic,11/11/2018,$297.06
B000657300,13NOV2018:00:00:00.000,SO02532056,155.88,165.87,Web,WEB,au,o1246018523,organic,13/11/2018,$297.06
B000820168,13NOV2018:00:00:00.000,SO02532161,149.99,159.98,Web,RECR,au,o1215838154,organic,13/11/2018,$285.83
B000694000,14NOV2018:00:00:00.000,SO02532784,179.88,162.87,Web,MM,au,o669580894,organic,14/11/2018,$342.80
B000736486,14NOV2018:00:00:00.000,SO02533300,161.88,176.87,Web,MM,au,o835748548,organic,14/11/2018,$308.49
B000800146,14NOV2018:00:00:00.000,SO02533481,119.99,134.98,Web,RECR,au,o1266634533,organic,14/11/2018,$228.66
B000477070,15NOV2018:00:00:00.000,SO02534485,179.88,159.87,Web,MM,au,o1483772807,organic,15/11/2018,$342.80
B000854449,16NOV2018:00:00:00.000,SO02536670,139.99,139.99,Web,RECR,au,o1588288334,organic,17/11/2018,$266.78
B000854665,17NOV2018:00:00:00.000,SO02537069,139.99,119.99,Web,RECR,au,o1589756536,organic,17/11/2018,$266.78
B000647304,18NOV2018:00:00:00.000,SO02537369,551.64,551.64,Web,MM,au,o884115531,organic,18/11/2018,"$1,051.25"
B000827555,19NOV2018:00:00:00.000,SO02538589,119.99,132.98,Web,RECR,au,o1309427506,organic,19/11/2018,$228.66
B000809090,19NOV2018:00:00:00.000,SO02539076,205.88,190.87,Web,MM,au,o1102693267,organic,19/11/2018,$392.34
B000525975,20NOV2018:00:00:00.000,SO02539583,311.76,311.76,Web,WEB,au,o844245526,organic,20/11/2018,$594.12
B000631966,20NOV2018:00:00:00.000,SO02540456,149.99,159.98,Web,RECR,au,o1031396067,organic,20/11/2018,$285.83
B000856057,20NOV2018:00:00:00.000,SO02540541,139.99,119.99,Web,RECR,au,o1603969062,organic,20/11/2018,$266.78
B000800718,21NOV2018:00:00:00.000,SO02541600,539.64,539.64,Web,MM,au,o1278200457,organic,21/11/2018,"$1,028.39"
B000075779,22NOV2018:00:00:00.000,SO02543199,159.99,159.99,Web,MM,au,o1612877300,organic,22/11/2018,$304.89
B000075779,22NOV2018:00:00:00.000,SO02543241,199.98,199.98,Web,MM,au,o1014637102,organic,22/11/2018,$381.10
B000075779,22NOV2018:00:00:00.000,SO02543263,179.88,179.88,Web,MM,au,o1612879642,organic,22/11/2018,$342.80
