Transaction ID,Medium,Date,Product Revenue
o716575517,organic,15/02/2018,"$2,155.79 "
o445393447,organic,13/05/2018,"$1,645.60 "
o1015370405,organic,10/09/2018,"$1,298.86 "
o878121633,organic,15/04/2018,"$1,256.84 "
o633222846,organic,15/03/2018,"$1,238.09 "
o369350570,organic,14/11/2017,"$1,102.56 "
o813241774,organic,8/03/2018,"$1,098.12 "
o853933910,organic,2/04/2018,"$1,096.99 "
o925985299,organic,5/10/2018,"$1,093.79 "
o884115531,organic,18/11/2018,"$1,051.25 "
o810641161,organic,31/03/2018,"$1,043.14 "
o580630187,organic,26/12/2017,"$1,042.95 "
o1278200457,organic,21/11/2018,"$1,028.39 "
o614541054,organic,5/01/2018,"$1,005.52 "
o432625943,organic,12/06/2017,$965.44 
o435932343,organic,10/05/2017,$959.90 
o425366273,organic,7/06/2017,$948.35 
o465810483,organic,15/09/2017,$921.88 
o469692231,organic,14/10/2017,$914.04 
o575029506,organic,2/10/2017,$909.76 
o820631261,organic,8/04/2018,$879.97 
o1096483047,organic,31/08/2018,$874.48 
o478904152,organic,4/01/2018,$868.54 
o1081263120,organic,11/08/2018,$857.05 
o634144858,organic,21/11/2017,$845.90 
o370124650,organic,2/03/2017,$843.04 
o413896866,organic,6/10/2017,$831.38 
o451746575,organic,19/11/2017,$822.91 
o331869199,organic,11/07/2017,$822.57 
o661931847,organic,8/01/2018,$811.37 
o193570674,organic,19/07/2017,$811.25 
o985537662,organic,21/08/2018,$805.59 
o1225751101,organic,2/11/2018,$794.10 
o116661333,organic,3/10/2017,$788.27 
o754405833,organic,28/02/2018,$777.06 
o625157584,organic,29/11/2017,$777.06 
o579006606,organic,1/02/2018,$777.01 
o609890276,organic,30/12/2017,$770.74 
o418814388,organic,9/04/2018,$759.86 
o937942569,organic,17/06/2018,$754.20 
o362414918,organic,9/05/2017,$754.20 
o434631280,organic,29/10/2017,$754.20 
o426669723,organic,23/06/2017,$752.44 
o930580247,organic,9/05/2018,$747.68 
o474511409,organic,18/07/2017,$745.51 
o1318421678,organic,15/09/2018,$742.97 
o423274516,organic,16/10/2017,$742.65 
o416439048,organic,25/10/2017,$731.33 
o673863280,organic,21/02/2018,$714.18 
o428473303,organic,19/06/2017,$714.12 
o373665096,organic,23/03/2017,$711.26 
o770936172,organic,12/05/2018,$710.40 
o397922561,organic,11/08/2017,$708.46 
o1187117564,organic,1/09/2018,$708.46 
o673687001,organic,11/03/2018,$698.99 
o571714811,organic,15/11/2017,$690.39 
o870513130,organic,15/05/2018,$689.80 
o418438855,organic,31/05/2017,$687.42 
o477715092,organic,19/08/2017,$685.59 
o803024684,organic,2/03/2018,$685.59 
o448363438,organic,8/08/2018,$685.59 
o374728795,organic,5/02/2018,$685.59 
o1110507674,organic,12/08/2018,$685.59 
o438090815,organic,15/05/2017,$685.59 
o387174467,organic,15/02/2017,$685.59 
o844415825,organic,7/04/2018,$685.53 
o476786702,organic,25/08/2017,$676.96 
o336588143,organic,6/09/2018,$670.55 
o374193617,organic,1/11/2017,$670.55 
o725631550,organic,7/05/2018,$668.67 
o460549196,organic,14/07/2017,$668.33 
o359404183,organic,8/05/2017,$662.72 
o429178380,organic,12/10/2017,$662.72 
o171900864,organic,20/06/2017,$662.72 
o587936387,organic,12/02/2018,$662.72 
o1541174689,organic,6/11/2018,$662.72 
o917703013,organic,22/09/2018,$662.72 
o549237574,organic,31/10/2017,$651.29 
o330302380,organic,4/01/2018,$651.29 
o336366356,organic,5/03/2017,$645.80 
o368184100,organic,11/06/2017,$645.51 
o364001670,organic,13/05/2017,$639.85 
o588979702,organic,18/10/2017,$639.85 
o412967505,organic,3/03/2017,$639.85 
o667948943,organic,14/10/2018,$639.85 
o610065323,organic,3/01/2018,$639.85 
o481619837,organic,11/07/2017,$639.85 
o893670546,organic,15/05/2018,$639.85 
o452508964,organic,31/08/2017,$639.85 
o339893257,organic,15/05/2018,$639.85 
o390069211,organic,4/03/2017,$639.85 
o1392263491,organic,4/10/2018,$639.85 
o1356022737,organic,3/10/2018,$639.85 
o759090729,organic,1/03/2018,$639.85 
o521711597,organic,11/12/2017,$639.85 
o534803260,organic,11/01/2018,$639.85 
o535192715,organic,22/03/2018,$639.85 
o1328221748,organic,10/10/2018,$628.65 
o410795132,organic,20/05/2017,$628.53 
o463955583,organic,29/09/2017,$628.42 
o285713891,organic,21/10/2017,$628.42 
o869295209,organic,10/04/2018,$628.36 
o435091060,organic,1/08/2017,$622.93 
o538192982,organic,24/10/2017,$617.10 
o415852506,organic,12/08/2017,$617.04 
o331556259,organic,8/05/2017,$616.99 
o585887330,organic,2/11/2018,$616.99 
o1129348369,organic,13/10/2018,$615.79 
o1165585774,organic,20/10/2018,$609.78 
o1149908456,organic,15/09/2018,$609.78 
o585115806,organic,7/06/2018,$605.55 
o274433091,organic,21/02/2017,$599.83 
o392685520,organic,8/06/2017,$599.78 
o1008783195,organic,9/06/2018,$599.78 
o900066065,organic,30/05/2018,$599.78 
o230958988,organic,5/07/2017,$599.78 
o550025285,organic,5/09/2017,$594.57 
o1009152415,organic,12/08/2018,$594.17 
o642851679,organic,19/01/2018,$594.17 
o317599878,organic,8/06/2017,$594.12 
o437203902,organic,7/01/2018,$594.12 
o844245526,organic,20/11/2018,$594.12 
o1558900665,organic,10/11/2018,$594.12 
o549387738,organic,4/10/2018,$594.12 
o364525433,organic,1/05/2017,$582.91 
o428206694,organic,20/06/2017,$577.08 
o1197467814,organic,22/09/2018,$575.02 
o734262385,organic,11/03/2018,$573.42 
o338081218,organic,3/05/2017,$573.35 
o455079483,organic,12/06/2017,$571.25 
o563751383,organic,18/09/2017,$571.25 
o563277005,organic,17/01/2018,$571.25 
o533655495,organic,24/10/2017,$571.25 
o420864555,organic,1/06/2017,$571.25 
o869062128,organic,10/04/2018,$571.25 
o179376525,organic,20/06/2018,$568.56 
o848892220,organic,12/04/2018,$559.87 
o302721758,organic,18/08/2017,$554.33 
o862965174,organic,2/07/2018,$552.95 
o449555048,organic,4/06/2017,$548.38 
o748092764,organic,30/01/2018,$542.82 
o423598374,organic,8/08/2017,$540.03 
o221846893,organic,17/01/2018,$532.03 
o406965917,organic,2/06/2017,$531.46 
o414894799,organic,1/06/2017,$525.51 
o1224713566,organic,21/08/2018,$514.31 
o413929694,organic,10/06/2017,$514.08 
o391334528,organic,24/02/2017,$514.08 
o430038821,organic,8/09/2017,$508.48 
o335938621,organic,7/09/2017,$497.04 
o458405456,organic,23/11/2017,$493.29 
o584895621,organic,12/10/2017,$493.04 
o1049660412,organic,24/06/2018,$485.95 
o155621629,organic,26/01/2018,$485.61 
o479616021,organic,4/10/2017,$485.61 
o824199886,organic,23/04/2018,$485.32 
o482197494,organic,17/08/2018,$479.95 
o972608834,organic,29/05/2018,$474.06 
o259868490,organic,9/12/2017,$470.71 
o446463948,organic,28/07/2017,$466.74 
o663904527,organic,12/04/2018,$457.14 
o1177073859,organic,7/08/2018,$457.14 
o632176632,organic,14/05/2018,$457.14 
o1045275475,organic,22/06/2018,$457.14 
o519611826,organic,7/03/2018,$457.14 
o1056490138,organic,26/06/2018,$457.14 
o336914082,organic,21/04/2017,$457.08 
o209755315,organic,14/03/2018,$457.08 
o344686254,organic,20/05/2017,$453.31 
o401481441,organic,28/04/2017,$451.36 
o299704612,organic,10/10/2017,$447.53 
o556633230,organic,9/09/2017,$446.85 
o962096568,organic,22/05/2018,$441.89 
o445855354,organic,30/06/2017,$437.36 
o569706529,organic,22/10/2017,$435.56 
o570732903,organic,27/09/2017,$434.27 
o438529177,organic,18/05/2017,$434.27 
o271526399,organic,4/07/2017,$434.27 
o646294920,organic,23/01/2018,$434.27 
o923598269,organic,6/05/2018,$434.27 
o438212231,organic,26/05/2017,$434.27 
o1246778929,organic,27/08/2018,$430.84 
o752503579,organic,7/04/2018,$428.49 
o838644935,organic,24/03/2018,$427.64 
o564793111,organic,19/09/2017,$427.64 
o529112419,organic,25/10/2017,$427.54 
o393653239,organic,9/09/2017,$426.99 
o622007273,organic,3/01/2018,$422.78 
o431744908,organic,12/07/2017,$418.98 
o483508181,organic,12/07/2017,$413.06 
o466473691,organic,30/07/2017,$411.40 
o1005174778,organic,23/06/2018,$411.34 
o673994596,organic,26/05/2018,$408.48 
o433868133,organic,6/06/2017,$406.14 
o768584237,organic,22/07/2018,$399.97 
o232769034,organic,10/04/2018,$399.91 
o675773205,organic,29/04/2018,$399.91 
o428204251,organic,21/04/2017,$399.91 
o587710381,organic,14/09/2018,$396.08 
o582725785,organic,4/01/2018,$394.19 
o1102693267,organic,19/11/2018,$392.34 
o762535198,organic,8/02/2018,$388.53 
o269569124,organic,1/11/2017,$388.53 
o1361006545,organic,26/09/2018,$388.53 
o499136386,organic,25/07/2017,$388.53 
o536506984,organic,29/04/2018,$388.53 
o1271660903,organic,18/09/2018,$388.53 
o543680889,organic,22/05/2018,$388.53 
o837383726,organic,13/07/2018,$388.53 
o928461487,organic,31/08/2018,$388.53 
o497087745,organic,18/09/2017,$388.53 
o422216781,organic,12/05/2017,$381.12 
o1014637102,organic,22/11/2018,$381.10 
o108635387,organic,7/07/2017,$375 
o324102131,organic,28/08/2018,$374.45 
o759011471,organic,6/03/2018,$371.32 
o463868785,organic,18/10/2017,$371.32 
o555209982,organic,8/09/2017,$371.32 
o538806617,organic,4/02/2018,$371.32 
o720747460,organic,12/03/2018,$371.32 
o615559191,organic,5/11/2017,$371.32 
o1296763722,organic,14/10/2018,$369.32 
o353398142,organic,31/05/2017,$365.66 
o447032299,organic,3/09/2017,$365.66 
o522256358,organic,14/08/2017,$365.66 
o737137019,organic,10/08/2018,$365.66 
o421161590,organic,6/06/2017,$365.66 
o1019334146,organic,13/06/2018,$365.66 
o1298166607,organic,11/09/2018,$359.49 
o553568025,organic,12/09/2017,$357.87 
o415180267,organic,18/08/2017,$357.03 
o612189490,organic,20/03/2018,$357.03 
o652232799,organic,12/01/2018,$357.03 
o457819686,organic,18/09/2017,$357.03 
o292642108,organic,16/05/2017,$357.03 
o218751301,organic,10/05/2018,$346.57 
o835529473,organic,25/03/2018,$343 
o559288501,organic,16/12/2017,$343 
o322011410,organic,9/07/2017,$343 
o1062084626,organic,3/09/2018,$343 
o1053297735,organic,25/06/2018,$343 
o428270276,organic,21/04/2017,$343 
o996318416,organic,10/06/2018,$343 
o787410123,organic,21/02/2018,$343 
o873063611,organic,27/08/2018,$343 
o643070036,organic,28/02/2018,$343 
o601038340,organic,23/03/2018,$342.80 
o933154311,organic,18/10/2018,$342.80 
o427994609,organic,4/05/2017,$342.80 
o288647050,organic,3/05/2017,$342.80 
o755789241,organic,9/04/2018,$342.80 
o497818517,organic,5/10/2018,$342.80 
o433346882,organic,9/07/2017,$342.80 
o1483772807,organic,15/11/2018,$342.80 
o463844475,organic,23/10/2017,$342.80 
o1453737020,organic,18/10/2018,$342.80 
o525408849,organic,27/03/2018,$342.80 
o211748325,organic,9/05/2017,$342.80 
o531052850,organic,3/09/2017,$342.80 
o417995433,organic,19/03/2017,$342.80 
o237620880,organic,8/06/2018,$342.80 
o559157973,organic,8/05/2018,$342.80 
o928146013,organic,21/05/2018,$342.80 
o867098035,organic,12/05/2018,$342.80 
o477859803,organic,6/10/2017,$342.80 
o462660301,organic,6/08/2017,$342.80 
o988001972,organic,15/06/2018,$342.80 
o661905800,organic,8/05/2018,$342.80 
o444210154,organic,16/10/2017,$342.80 
o1612879642,organic,22/11/2018,$342.80 
o839660303,organic,9/04/2018,$342.80 
o652566595,organic,20/03/2018,$342.80 
o480700259,organic,27/10/2017,$342.80 
o232270995,organic,6/06/2017,$342.80 
o951447212,organic,21/09/2018,$342.80 
o369962989,organic,6/05/2017,$342.80 
o332072640,organic,29/05/2017,$342.80 
o476945147,organic,30/09/2017,$342.80 
o433946763,organic,9/07/2017,$342.80 
o675518175,organic,3/02/2018,$342.80 
o500368692,organic,20/03/2018,$342.80 
o400778722,organic,8/01/2018,$342.80 
o1134740466,organic,9/10/2018,$342.80 
o577853176,organic,27/02/2018,$342.80 
o1044334400,organic,22/06/2018,$342.80 
o1283354395,organic,4/10/2018,$342.80 
o429511149,organic,25/04/2017,$342.80 
o764110402,organic,9/02/2018,$342.80 
o418240777,organic,14/10/2017,$342.80 
o438530320,organic,16/06/2017,$342.80 
o1075500883,organic,6/09/2018,$342.80 
o413220442,organic,22/05/2017,$342.80 
o1290143707,organic,14/10/2018,$342.80 
o330599956,organic,6/03/2017,$342.80 
o458501769,organic,1/09/2017,$342.80 
o1093940497,organic,7/11/2018,$342.80 
o254457161,organic,11/03/2018,$342.80 
o669580894,organic,14/11/2018,$342.80 
o644735288,organic,4/05/2018,$342.80 
o246079686,organic,27/10/2018,$342.80 
o710941596,organic,22/03/2018,$342.74 
o1200720151,organic,24/09/2018,$342.74 
o519549889,organic,12/08/2017,$337.19 
o708724552,organic,15/04/2018,$331.36 
o1078702135,organic,19/10/2018,$331.36 
o459827147,organic,29/07/2017,$330.45 
o895810554,organic,4/05/2018,$325.64 
o625890745,organic,2/02/2018,$319.93 
o534967105,organic,24/08/2017,$319.93 
o393811900,organic,28/09/2017,$319.93 
o1246514239,organic,4/09/2018,$319.93 
o493424819,organic,7/07/2018,$319.93 
o710936742,organic,12/01/2018,$319.93 
o811872782,organic,5/05/2018,$319.93 
o1110379255,organic,15/08/2018,$319.93 
o561409240,organic,26/09/2017,$319.93 
o856209407,organic,5/07/2018,$319.93 
o835748548,organic,14/11/2018,$308.49 
o549431505,organic,23/10/2017,$308.49 
o640861328,organic,2/02/2018,$308.49 
o584537764,organic,20/11/2017,$308.49 
o413457466,organic,27/04/2017,$308.49 
o512719736,organic,20/10/2017,$308.49 
o484488258,organic,9/11/2017,$308.49 
o283881873,organic,10/07/2017,$308.49 
o559317773,organic,12/09/2017,$308.49 
o433968928,organic,7/10/2017,$308.49 
o1017670463,organic,12/06/2018,$308.49 
o752854683,organic,27/06/2018,$308.49 
o1612877300,organic,22/11/2018,$304.89 
o987624611,organic,7/08/2018,$297.06 
o440622078,organic,29/06/2017,$297.06 
o435451898,organic,9/05/2017,$297.06 
o528722710,organic,15/04/2018,$297.06 
o389029699,organic,10/10/2017,$297.06 
o435961560,organic,14/02/2018,$297.06 
o1246018523,organic,13/11/2018,$297.06 
o1563808305,organic,11/11/2018,$297.06 
o443536027,organic,25/05/2017,$297.06 
o135784914,organic,9/11/2017,$285.85 
o292093091,organic,24/04/2018,$285.83 
o1215838154,organic,13/11/2018,$285.83 
o1012231739,organic,10/06/2018,$285.83 
o838525170,organic,6/07/2018,$285.83 
o1212148492,organic,2/09/2018,$285.83 
o1031396067,organic,20/11/2018,$285.83 
o369227942,organic,10/04/2018,$285.83 
o197052195,organic,7/01/2018,$285.74 
o811462475,organic,7/03/2018,$285.74 
o457822687,organic,6/10/2017,$285.74 
o844292009,organic,27/03/2018,$285.74 
o270952393,organic,25/01/2018,$285.74 
o447376017,organic,23/08/2017,$285.62 
o241564633,organic,1/03/2017,$285.62 
o499563312,organic,27/08/2017,$285.62 
o1254039583,organic,29/08/2018,$266.78 
o449486138,organic,4/06/2017,$266.78 
o492760357,organic,19/07/2017,$266.78 
o832925669,organic,19/03/2018,$266.78 
o1080541944,organic,5/07/2018,$266.78 
o486857275,organic,15/07/2017,$266.78 
o946869777,organic,16/05/2018,$266.78 
o610519327,organic,1/11/2017,$266.78 
o440491730,organic,19/05/2017,$266.78 
o1057188048,organic,26/06/2018,$266.78 
o1231256992,organic,23/08/2018,$266.78 
o445281755,organic,28/05/2017,$266.78 
o1270951176,organic,3/09/2018,$266.78 
o547024830,organic,3/09/2017,$266.78 
o1269428426,organic,3/09/2018,$266.78 
o880449548,organic,16/04/2018,$266.78 
o459227760,organic,17/06/2017,$266.78 
o898490315,organic,24/07/2018,$266.78 
o533807945,organic,23/08/2017,$266.78 
o423943929,organic,19/05/2017,$266.78 
o364854671,organic,30/07/2017,$266.78 
o802772522,organic,27/10/2018,$266.78 
o594563837,organic,20/10/2017,$266.78 
o918440844,organic,4/05/2018,$266.78 
o533885728,organic,23/08/2017,$266.78 
o591897229,organic,18/10/2017,$266.78 
o597334957,organic,22/10/2017,$266.78 
o837246402,organic,22/03/2018,$266.78 
o1282321306,organic,6/09/2018,$266.78 
o1419555740,organic,11/10/2018,$266.78 
o1192930222,organic,12/08/2018,$266.78 
o177861010,organic,4/06/2017,$266.78 
o884175016,organic,6/08/2018,$266.78 
o686219728,organic,26/12/2017,$266.78 
o1537327924,organic,5/11/2018,$266.78 
o951444850,organic,18/05/2018,$266.78 
o846241935,organic,2/07/2018,$266.78 
o594387900,organic,21/06/2018,$266.78 
o519367221,organic,12/08/2017,$266.78 
o1005767271,organic,8/06/2018,$266.78 
o1282418991,organic,19/09/2018,$266.78 
o446460344,organic,30/05/2017,$266.78 
o431757928,organic,7/08/2017,$266.78 
o1040822550,organic,21/06/2018,$266.78 
o517370235,organic,12/01/2018,$266.78 
o1302104247,organic,11/09/2018,$266.78 
o761110485,organic,7/02/2018,$266.78 
o434979749,organic,8/05/2017,$266.78 
o786399528,organic,26/03/2018,$266.78 
o1351456359,organic,24/09/2018,$266.78 
o1100872245,organic,13/07/2018,$266.78 
o442569315,organic,23/05/2017,$266.78 
o419224655,organic,30/05/2017,$266.78 
o1263289360,organic,1/09/2018,$266.78 
o436465193,organic,26/03/2018,$266.78 
o1271426601,organic,3/09/2018,$266.78 
o1156385618,organic,3/09/2018,$266.78 
o481738495,organic,11/07/2017,$266.78 
o1603969062,organic,20/11/2018,$266.78 
o522112409,organic,14/08/2017,$266.78 
o524579019,organic,7/04/2018,$266.78 
o414904999,organic,19/09/2017,$266.78 
o448391238,organic,2/06/2017,$266.78 
o656228080,organic,14/12/2017,$266.78 
o1302108501,organic,16/09/2018,$266.78 
o440476599,organic,19/05/2017,$266.78 
o487747452,organic,3/08/2017,$266.78 
o628307244,organic,16/11/2017,$266.78 
o764812729,organic,9/02/2018,$266.78 
o396611669,organic,1/05/2017,$266.78 
o341598112,organic,10/06/2017,$266.78 
o425687536,organic,14/05/2017,$266.78 
o847243113,organic,29/03/2018,$266.78 
o1334108224,organic,19/09/2018,$266.78 
o437466742,organic,12/06/2017,$266.78 
o534562877,organic,24/08/2017,$266.78 
o609913488,organic,31/10/2017,$266.78 
o471344727,organic,1/07/2017,$266.78 
o752810384,organic,2/02/2018,$266.78 
o895634809,organic,24/04/2018,$266.78 
o1036323581,organic,19/06/2018,$266.78 
o591487807,organic,18/10/2017,$266.78 
o1235275864,organic,31/10/2018,$266.78 
o468976965,organic,4/02/2018,$266.78 
o665007938,organic,13/12/2017,$266.78 
o1016852155,organic,19/10/2018,$266.78 
o576006159,organic,3/10/2017,$266.78 
o559944745,organic,13/09/2017,$266.78 
o996419562,organic,28/07/2018,$266.78 
o429450755,organic,25/04/2017,$266.78 
o528170236,organic,20/08/2017,$266.78 
o439951962,organic,18/05/2017,$266.78 
o177714451,organic,31/07/2018,$266.78 
o607751631,organic,29/10/2017,$266.78 
o530073581,organic,21/08/2017,$266.78 
o1297235001,organic,1/10/2018,$266.78 
o514366784,organic,8/08/2017,$266.78 
o355579343,organic,11/06/2017,$266.78 
o1137834760,organic,26/07/2018,$266.78 
o774773189,organic,14/02/2018,$266.78 
o1182457778,organic,9/08/2018,$266.78 
o560746578,organic,21/09/2017,$266.78 
o489189537,organic,17/07/2017,$266.78 
o1589756536,organic,17/11/2018,$266.78 
o1186810554,organic,10/08/2018,$266.78 
o654933396,organic,18/03/2018,$266.78 
o595852506,organic,21/10/2017,$266.78 
o779569496,organic,11/11/2018,$266.78 
o532668949,organic,22/08/2017,$266.78 
o298756980,organic,31/08/2017,$266.78 
o1337017642,organic,20/09/2018,$266.78 
o1156130547,organic,1/08/2018,$266.78 
o462410234,organic,8/04/2018,$266.78 
o544489579,organic,17/11/2017,$266.78 
o824197667,organic,29/07/2018,$266.78 
o424607507,organic,10/04/2017,$266.78 
o480583637,organic,10/07/2017,$266.78 
o1107633157,organic,10/11/2018,$266.78 
o341863855,organic,16/09/2017,$266.78 
o423651452,organic,25/08/2017,$266.78 
o497933701,organic,24/07/2017,$266.78 
o202340443,organic,5/09/2017,$266.78 
o603187991,organic,26/10/2017,$266.78 
o432237030,organic,2/05/2017,$266.78 
o423635758,organic,5/09/2017,$266.78 
o1148850162,organic,30/07/2018,$266.78 
o190672563,organic,8/05/2017,$266.78 
o1036506495,organic,19/06/2018,$266.78 
o945229245,organic,14/08/2018,$266.78 
o599951865,organic,12/04/2018,$266.78 
o1125585830,organic,22/07/2018,$266.78 
o1540379320,organic,6/11/2018,$266.78 
o286710288,organic,21/06/2017,$266.78 
o609937499,organic,31/10/2017,$266.78 
o1293511717,organic,19/10/2018,$266.78 
o1211549772,organic,17/08/2018,$266.78 
o859368511,organic,5/04/2018,$266.78 
o319745220,organic,15/05/2017,$266.78 
o590240314,organic,17/10/2017,$266.78 
o491003258,organic,18/07/2017,$266.78 
o510319413,organic,4/08/2017,$266.78 
o615693704,organic,10/02/2018,$266.78 
o447491698,organic,1/06/2017,$266.78 
o233440016,organic,6/09/2018,$266.78 
o463208219,organic,22/06/2017,$266.78 
o745687758,organic,29/01/2018,$266.78 
o403589755,organic,21/10/2017,$266.78 
o469994798,organic,4/08/2017,$266.78 
o1358389051,organic,26/09/2018,$266.78 
o461813516,organic,20/06/2017,$266.78 
o430811666,organic,2/02/2018,$266.78 
o449670239,organic,4/06/2017,$266.78 
o422559776,organic,3/04/2017,$266.78 
o474486909,organic,4/07/2017,$266.78 
o788616401,organic,22/02/2018,$266.78 
o526515714,organic,18/08/2017,$266.78 
o469711843,organic,14/08/2017,$266.78 
o490401571,organic,23/09/2017,$266.78 
o430480468,organic,8/05/2017,$266.78 
o431791047,organic,1/05/2017,$266.78 
o1115800031,organic,19/07/2018,$266.78 
o431102598,organic,30/04/2017,$266.78 
o576161596,organic,22/10/2018,$266.78 
o984999235,organic,6/11/2018,$266.78 
o820904212,organic,12/03/2018,$266.78 
o486909677,organic,14/08/2017,$266.78 
o621683215,organic,12/04/2018,$266.78 
o550067849,organic,5/09/2017,$266.78 
o836926917,organic,22/03/2018,$266.78 
o225003198,organic,20/05/2017,$266.78 
o717044714,organic,4/05/2018,$266.78 
o590172232,organic,17/10/2017,$266.78 
o337789849,organic,4/08/2017,$266.78 
o1229405795,organic,22/08/2018,$266.78 
o822813182,organic,13/03/2018,$266.78 
o370048241,organic,3/07/2017,$266.78 
o1083924867,organic,6/07/2018,$266.78 
o498853001,organic,25/07/2017,$266.78 
o475242793,organic,10/08/2017,$266.78 
o504152293,organic,30/07/2017,$266.78 
o399621963,organic,14/09/2017,$266.78 
o1022763134,organic,2/09/2018,$266.78 
o1105115154,organic,15/07/2018,$266.78 
o411781913,organic,28/02/2017,$266.78 
o511181967,organic,12/08/2017,$266.78 
o241303081,organic,1/12/2017,$266.78 
o448315836,organic,7/07/2017,$266.78 
o456279189,organic,13/06/2017,$266.78 
o516053574,organic,9/08/2017,$266.78 
o930791220,organic,9/05/2018,$266.78 
o874374469,organic,27/06/2018,$266.78 
o636536479,organic,16/01/2018,$266.78 
o919546911,organic,9/07/2018,$266.78 
o592040695,organic,18/10/2017,$266.78 
o420114208,organic,16/07/2018,$266.78 
o435661460,organic,9/05/2017,$266.78 
o1487996591,organic,25/10/2018,$266.78 
o210032321,organic,1/10/2018,$266.78 
o443209971,organic,24/05/2017,$266.78 
o572693592,organic,29/09/2017,$266.78 
o1557540337,organic,10/11/2018,$266.78 
o243411058,organic,2/03/2017,$266.78 
o564792470,organic,19/09/2017,$266.78 
o441457974,organic,21/05/2017,$266.78 
o450941366,organic,6/06/2017,$266.78 
o438266885,organic,14/08/2017,$266.78 
o608817306,organic,6/05/2018,$266.78 
o566833488,organic,22/09/2017,$266.78 
o437985659,organic,15/05/2017,$266.78 
o289537964,organic,23/08/2018,$266.78 
o447514361,organic,16/06/2017,$266.78 
o448253103,organic,2/06/2017,$266.78 
o243460903,organic,10/07/2018,$266.78 
o972066484,organic,26/05/2018,$266.78 
o895678442,organic,27/07/2018,$266.78 
o566855659,organic,21/09/2017,$266.78 
o1488813672,organic,25/10/2018,$266.78 
o535802300,organic,25/08/2017,$266.78 
o898204234,organic,25/04/2018,$266.78 
o549454786,organic,4/09/2017,$266.78 
o745630236,organic,30/03/2018,$266.78 
o889974636,organic,21/04/2018,$266.78 
o844619047,organic,27/03/2018,$266.78 
o412759100,organic,2/03/2017,$266.78 
o558993621,organic,12/09/2017,$266.78 
o946982347,organic,16/05/2018,$266.78 
o702749716,organic,28/03/2018,$266.78 
o409818952,organic,24/02/2017,$266.78 
o534380992,organic,5/03/2018,$266.78 
o833630597,organic,20/03/2018,$266.78 
o1270958802,organic,3/09/2018,$266.78 
o1003628292,organic,7/06/2018,$266.78 
o912878169,organic,1/05/2018,$266.78 
o1000979278,organic,6/06/2018,$266.78 
o354774842,organic,4/08/2017,$266.78 
o1140483997,organic,27/07/2018,$266.78 
o874575307,organic,13/04/2018,$266.78 
o510473650,organic,4/08/2017,$266.78 
o1053846226,organic,25/06/2018,$266.78 
o504302451,organic,30/07/2017,$266.78 
o603708251,organic,26/10/2017,$266.78 
o186894416,organic,21/03/2017,$266.78 
o239990952,organic,7/08/2017,$266.78 
o1073557372,organic,2/07/2018,$266.78 
o737570953,organic,11/04/2018,$266.78 
o1204707223,organic,15/08/2018,$266.78 
o1400593207,organic,6/10/2018,$266.78 
o180329157,organic,8/12/2017,$266.78 
o1524313655,organic,2/11/2018,$266.78 
o451850076,organic,7/06/2017,$266.78 
o458511035,organic,16/06/2017,$266.78 
o552110364,organic,9/02/2018,$266.78 
o1125975588,organic,22/07/2018,$266.78 
o1403377219,organic,7/10/2018,$266.78 
o1588288334,organic,17/11/2018,$266.78 
o1118931200,organic,4/09/2018,$266.78 
o890337329,organic,24/07/2018,$266.78 
o1005766250,organic,8/06/2018,$266.78 
o632725417,organic,20/11/2017,$266.78 
o438187346,organic,15/05/2017,$266.78 
o549240773,organic,4/09/2017,$266.78 
o1101002688,organic,13/07/2018,$266.78 
o1083292612,organic,6/07/2018,$266.78 
o488770897,organic,17/07/2017,$266.78 
o628302835,organic,16/11/2017,$266.78 
o242748462,organic,21/06/2017,$266.78 
o652068483,organic,12/05/2018,$266.78 
o455077526,organic,4/08/2017,$266.78 
o527285985,organic,19/08/2017,$266.78 
o1176760166,organic,7/08/2018,$266.78 
o591493929,organic,18/10/2017,$266.78 
o591915922,organic,18/10/2017,$266.78 
o949451444,organic,17/05/2018,$266.78 
o898209307,organic,25/04/2018,$266.78 
o549876819,organic,26/09/2017,$266.78 
o687287175,organic,27/12/2017,$266.78 
o1499898083,organic,27/10/2018,$266.78 
o822243866,organic,23/03/2018,$266.78 
o774258673,organic,5/03/2018,$266.78 
o435125177,organic,8/05/2017,$266.78 
o699834614,organic,3/01/2018,$266.78 
o1039491523,organic,23/07/2018,$266.78 
o563264090,organic,17/09/2017,$266.78 
o316963430,organic,5/07/2017,$266.78 
o537389618,organic,26/08/2017,$266.78 
o604375196,organic,25/02/2018,$266.78 
o433861019,organic,5/07/2017,$266.78 
o1407050055,organic,8/10/2018,$266.78 
o928785169,organic,4/08/2018,$262.76 
o415842245,organic,28/06/2017,$251.32 
o1042086872,organic,21/06/2018,$247.72 
o610788910,organic,14/12/2017,$247.72 
o1302105019,organic,11/09/2018,$247.72 
o1059768457,organic,28/08/2018,$247.72 
o651062037,organic,3/02/2018,$247.72 
o1012168097,organic,10/06/2018,$247.72 
o191650247,organic,5/05/2017,$247.72 
o755586425,organic,4/02/2018,$247.72 
o804748091,organic,23/04/2018,$239.95 
o745689996,organic,3/04/2018,$228.66 
o657924724,organic,12/04/2018,$228.66 
o1014197555,organic,11/06/2018,$228.66 
o996071443,organic,9/10/2018,$228.66 
o1406739209,organic,3/11/2018,$228.66 
o1030742545,organic,19/07/2018,$228.66 
o552588828,organic,6/03/2018,$228.66 
o1363393712,organic,15/10/2018,$228.66 
o810330237,organic,2/05/2018,$228.66 
o320962109,organic,19/02/2018,$228.66 
o1162189843,organic,5/10/2018,$228.66 
o905627860,organic,11/07/2018,$228.66 
o579002730,organic,8/05/2018,$228.66 
o712770376,organic,13/03/2018,$228.66 
o977322512,organic,13/06/2018,$228.66 
o865092624,organic,5/07/2018,$228.66 
o839345839,organic,24/03/2018,$228.66 
o1025574849,organic,18/09/2018,$228.66 
o468907723,organic,5/07/2018,$228.66 
o1022789098,organic,26/07/2018,$228.66 
o317029952,organic,3/08/2018,$228.66 
o585732235,organic,4/07/2018,$228.66 
o861363401,organic,6/04/2018,$228.66 
o586798557,organic,22/02/2018,$228.66 
o1027890294,organic,5/07/2018,$228.66 
o788916362,organic,22/02/2018,$228.66 
o1149804007,organic,30/07/2018,$228.66 
o807768728,organic,25/06/2018,$228.66 
o960370066,organic,14/06/2018,$228.66 
o843942265,organic,21/09/2018,$228.66 
o755954002,organic,4/03/2018,$228.66 
o806239385,organic,14/07/2018,$228.66 
o1003649951,organic,7/06/2018,$228.66 
o790449380,organic,10/07/2018,$228.66 
o1012081614,organic,14/06/2018,$228.66 
o145070336,organic,28/03/2018,$228.66 
o1224745100,organic,21/08/2018,$228.66 
o574296914,organic,11/03/2018,$228.66 
o1081507118,organic,24/09/2018,$228.66 
o561032572,organic,8/05/2018,$228.66 
o750999836,organic,17/04/2018,$228.66 
o807897719,organic,6/04/2018,$228.66 
o1086600540,organic,2/11/2018,$228.66 
o1266634533,organic,14/11/2018,$228.66 
o297929027,organic,17/02/2018,$228.66 
o501086464,organic,15/07/2018,$228.66 
o849179522,organic,11/06/2018,$228.66 
o1085866114,organic,7/07/2018,$228.66 
o1355347766,organic,1/10/2018,$228.66 
o1219261581,organic,19/08/2018,$228.66 
o786666363,organic,18/05/2018,$228.66 
o1131989441,organic,30/09/2018,$228.66 
o1149572815,organic,30/07/2018,$228.66 
o1309427506,organic,19/11/2018,$228.66 
o1286174714,organic,15/10/2018,$228.66 
o1318421254,organic,4/11/2018,$228.66 
o897523562,organic,20/06/2018,$228.66 
o667971328,organic,20/02/2018,$228.66 
o873903143,organic,13/04/2018,$228.66 
o461841776,organic,6/02/2018,$228.45 
o619113674,organic,4/12/2017,$228.45 
o470782269,organic,5/10/2017,$228.45 
o445269415,organic,19/09/2017,$228.45 
o515293792,organic,12/10/2017,$228.45 
o622719948,organic,11/11/2017,$228.45 
o484782201,organic,12/09/2017,$228.45 
o432176738,organic,2/05/2017,$228.45 
o423123893,organic,30/07/2017,$228.45 
o473271673,organic,22/08/2017,$228.45 
o359319808,organic,19/10/2017,$228.45 
o526136516,organic,31/08/2017,$228.45 
o556426022,organic,9/09/2017,$228.45 
o655902171,organic,5/02/2018,$228.45 
o521951779,organic,12/09/2017,$228.45 
o517440613,organic,30/10/2017,$228.45 
o689813710,organic,4/02/2018,$228.45 
o526620847,organic,1/11/2017,$228.45 
o769035530,organic,12/02/2018,$228.45 
o466525164,organic,23/09/2017,$228.45 
o543591645,organic,1/11/2017,$228.45 
o630841410,organic,2/12/2017,$228.45 
o463908775,organic,5/07/2017,$228.45 
o662072845,organic,4/02/2018,$228.45 
o425351780,organic,9/05/2017,$228.45 
o502212672,organic,18/09/2017,$228.45 
o313041163,organic,13/12/2017,$228.45 
o416646713,organic,4/05/2017,$228.45 
o286973589,organic,26/05/2018,$217.13 
o938199582,organic,12/05/2018,$190.49 
o423096249,organic,23/05/2017,$188.55 
o412741350,organic,5/07/2017,$171.40 
o1175713229,organic,7/08/2018,$171.40 
o213618380,organic,23/06/2017,$148.53 
o432425756,organic,2/05/2017,$114.34 